kind,idx,us,extra
expand,0,1127,
rollover,0,16,
rollover,1,23,
rollover,2,10,
rollover,3,11,
rollover,4,12,
rollover,5,19,
rollover,6,9,
rollover,7,9,
rollover,8,21,
rollover,9,16,
rollover,10,12,
rollover,11,10,
rollover,12,8,
rollover,13,11,
rollover,14,14,
rollover,15,7,
rollover,16,7,
rollover,17,26,
rollover,18,7,
rollover,19,11,
rollover,20,8,
rollover,21,7,
rollover,22,10,
rollover,23,10,
rollover,24,8,
rollover,25,19,
rollover,26,25,
rollover,27,16,
rollover,28,7,
rollover,29,8,
rollover,30,8,
rollover,31,8,
rollover,32,20,
rollover,33,22,
rollover,34,12,
rollover,35,6,
rollover,36,11,
rollover,37,10,
rollover,38,6,
rollover,39,22,
rollover,40,12,
rollover,41,9,
rollover,42,10,
rollover,43,8,
rollover,44,7,
rollover,45,17,
rollover,46,7,
rollover,47,6,
rollover,48,6,
rollover,49,6,
rollover,50,8,
rollover,51,18,
rollover,52,15,
rollover,53,8,
rollover,54,7,
rollover,55,21,
rollover,56,19,
rollover,57,18,
rollover,58,20,
rollover,59,15,
rollover,60,15,
rollover,61,14,
rollover,62,9,
rollover,63,11,
rollover,64,16,
rollover,65,11,
rollover,66,9,
rollover,67,9,
rollover,68,8,
rollover,69,6,
rollover,70,7,
rollover,71,8,
rollover,72,9,
rollover,73,17,
rollover,74,10,
rollover,75,9,
rollover,76,11,
rollover,77,22,
rollover,78,25,
rollover,79,12,
rollover,80,11,
rollover,81,17,
rollover,82,19,
rollover,83,14,
rollover,84,16,
rollover,85,16,
rollover,86,18,
rollover,87,9,
rollover,88,7,
rollover,89,7,
rollover,90,6,
rollover,91,7,
rollover,92,6,
rollover,93,11,
rollover,94,22,
rollover,95,21,
rollover,96,6,
rollover,97,7,
rollover,98,7,
rollover,99,7,
rollover,100,6,
rollover,101,11,
rollover,102,16,
rollover,103,15,
rollover,104,12,
rollover,105,15,
rollover,106,11,
rollover,107,39,
rollover,108,7,
rollover,109,8,
rollover,110,6,
rollover,111,7,
rollover,112,10,
rollover,113,55,
rollover,114,7,
rollover,115,8,
rollover,116,9,
rollover,117,7,
rollover,118,7,
rollover,119,17,
rollover,120,33,
rollover,121,21,
rollover,122,6,
rollover,123,6,
rollover,124,40,
rollover,125,7,
rollover,126,7,
rollover,127,7,
rollover,128,9,
rollover,129,7,
rollover,130,7,
rollover,131,21,
rollover,132,12,
rollover,133,13,
rollover,134,7,
rollover,135,10,
rollover,136,11,
rollover,137,10,
rollover,138,35,
rollover,139,7,
rollover,140,9,
rollover,141,9,
rollover,142,6,
rollover,143,9,
rollover,144,8,
rollover,145,7,
rollover,146,12,
rollover,147,8,
rollover,148,8,
rollover,149,13,
rollover,150,24,
rollover,151,15,
rollover,152,14,
rollover,153,17,
rollover,154,20,
rollover,155,18,
rollover,156,18,
rollover,157,10,
rollover,158,19,
rollover,159,17,
rollover,160,22,
rollover,161,17,
rollover,162,16,
rollover,163,16,
rollover,164,15,
rollover,165,15,
rollover,166,15,
rollover,167,15,
rollover,168,14,
rollover,169,16,
rollover,170,13,
rollover,171,16,
rollover,172,20,
rollover,173,12,
rollover,174,13,
rollover,175,18,
rollover,176,14,
rollover,177,9,
rollover,178,9,
rollover,179,8,
rollover,180,4,
rollover,181,8,
rollover,182,7,
rollover,183,19,
rollover,184,19,
rollover,185,12,
rollover,186,19,
rollover,187,6,
rollover,188,8,
rollover,189,10,
rollover,190,4,
rollover,191,9,
rollover,192,4,
rollover,193,8,
rollover,194,14,
rollover,195,8,
rollover,196,22,
rollover,197,8,
rollover,198,22,
rollover,199,8,
rollover,200,13,
rollover,201,20,
rollover,202,13,
rollover,203,10,
rollover,204,10,
rollover,205,8,
rollover,206,7,
rollover,207,14,
rollover,208,20,
rollover,209,7,
rollover,210,8,
rollover,211,10,
rollover,212,3,
rollover,213,8,
rollover,214,6,
rollover,215,10,
rollover,216,8,
rollover,217,8,
rollover,218,7,
rollover,219,9,
rollover,220,9,
rollover,221,7,
rollover,222,7,
rollover,223,7,
rollover,224,6,
rollover,225,25,
rollover,226,8,
rollover,227,19,
rollover,228,10,
rollover,229,5,
rollover,230,7,
rollover,231,6,
rollover,232,21,
rollover,233,22,
rollover,234,16,
rollover,235,7,
rollover,236,7,
rollover,237,7,
rollover,238,18,
rollover,239,14,
rollover,240,18,
rollover,241,10,
rollover,242,5,
rollover,243,8,
rollover,244,18,
rollover,245,8,
rollover,246,11,
rollover,247,8,
rollover,248,15,
rollover,249,8,
rollover,250,6,
rollover,251,6,
rollover,252,8,
rollover,253,7,
rollover,254,21,
rollover,255,8,
rollover,256,23,
rollover,257,16,
rollover,258,3,
rollover,259,4,
rollover,260,19,
rollover,261,8,
rollover,262,9,
rollover,263,31,
rollover,264,7,
rollover,265,7,
rollover,266,3,
rollover,267,25,
rollover,268,8,
rollover,269,8,
rollover,270,7,
rollover,271,7,
rollover,272,7,
rollover,273,7,
rollover,274,7,
rollover,275,8,
rollover,276,4,
rollover,277,7,
rollover,278,19,
rollover,279,8,
rollover,280,6,
rollover,281,5,
rollover,282,4,
rollover,283,7,
rollover,284,20,
rollover,285,15,
rollover,286,20,
rollover,287,15,
rollover,288,15,
rollover,289,14,
rollover,290,11,
rollover,291,10,
rollover,292,8,
rollover,293,7,
rollover,294,14,
rollover,295,7,
rollover,296,8,
rollover,297,18,
rollover,298,7,
rollover,299,6,
rollover,300,15,
rollover,301,6,
rollover,302,5,
rollover,303,7,
rollover,304,19,
rollover,305,21,
rollover,306,8,
rollover,307,16,
rollover,308,15,
rollover,309,15,
rollover,310,15,
rollover,311,16,
rollover,312,19,
rollover,313,18,
rollover,314,14,
rollover,315,17,
rollover,316,19,
rollover,317,24,
rollover,318,15,
rollover,319,15,
rollover,320,16,
rollover,321,15,
rollover,322,12,
rollover,323,12,
rollover,324,17,
rollover,325,20,
rollover,326,13,
rollover,327,12,
rollover,328,8,
rollover,329,7,
rollover,330,14,
rollover,331,7,
rollover,332,21,
rollover,333,6,
rollover,334,7,
rollover,335,7,
rollover,336,15,
rollover,337,12,
rollover,338,12,
rollover,339,14,
rollover,340,18,
rollover,341,13,
rollover,342,20,
rollover,343,18,
rollover,344,18,
rollover,345,18,
rollover,346,21,
rollover,347,18,
rollover,348,18,
rollover,349,21,
rollover,350,15,
rollover,351,18,
rollover,352,18,
rollover,353,16,
rollover,354,19,
rollover,355,12,
rollover,356,6,
rollover,357,9,
rollover,358,7,
rollover,359,5,
rollover,360,6,
rollover,361,8,
rollover,362,16,
rollover,363,9,
rollover,364,6,
rollover,365,8,
rollover,366,6,
rollover,367,18,
rollover,368,20,
rollover,369,16,
rollover,370,14,
rollover,371,20,
rollover,372,24,
rollover,373,15,
rollover,374,19,
rollover,375,15,
rollover,376,19,
rollover,377,16,
rollover,378,18,
rollover,379,21,
rollover,380,16,
rollover,381,28,
rollover,382,14,
rollover,383,17,
rollover,384,17,
rollover,385,16,
rollover,386,17,
rollover,387,21,
rollover,388,17,
rollover,389,16,
rollover,390,18,
rollover,391,16,
rollover,392,9,
rollover,393,19,
rollover,394,15,
rollover,395,14,
rollover,396,13,
rollover,397,17,
rollover,398,20,
rollover,399,19,
rollover,400,17,
rollover,401,14,
rollover,402,18,
rollover,403,20,
rollover,404,15,
rollover,405,21,
rollover,406,13,
rollover,407,16,
rollover,408,13,
rollover,409,20,
rollover,410,14,
rollover,411,15,
rollover,412,15,
rollover,413,15,
rollover,414,14,
rollover,415,18,
rollover,416,13,
rollover,417,15,
rollover,418,14,
rollover,419,13,
rollover,420,19,
rollover,421,16,
rollover,422,16,
rollover,423,11,
rollover,424,14,
rollover,425,16,
rollover,426,16,
rollover,427,15,
rollover,428,16,
rollover,429,19,
rollover,430,15,
rollover,431,13,
rollover,432,15,
rollover,433,13,
rollover,434,21,
rollover,435,3,
rollover,436,10,
rollover,437,4,
rollover,438,11,
rollover,439,7,
rollover,440,9,
rollover,441,10,
rollover,442,5,
rollover,443,8,
rollover,444,6,
rollover,445,24,
rollover,446,7,
rollover,447,19,
rollover,448,20,
rollover,449,17,
rollover,450,14,
rollover,451,20,
rollover,452,16,
rollover,453,12,
rollover,454,7,
rollover,455,14,
rollover,456,13,
rollover,457,7,
rollover,458,12,
rollover,459,19,
rollover,460,19,
rollover,461,15,
rollover,462,19,
rollover,463,15,
rollover,464,17,
rollover,465,13,
rollover,466,16,
rollover,467,14,
rollover,468,11,
rollover,469,8,
rollover,470,14,
rollover,471,16,
rollover,472,21,
rollover,473,8,
rollover,474,8,
rollover,475,19,
rollover,476,8,
rollover,477,9,
rollover,478,8,
rollover,479,8,
rollover,480,10,
rollover,481,12,
rollover,482,29,
rollover,483,11,
rollover,484,18,
rollover,485,16,
rollover,486,10,
rollover,487,11,
rollover,488,15,
rollover,489,15,
rollover,490,20,
rollover,491,18,
rollover,492,16,
rollover,493,18,
rollover,494,15,
rollover,495,18,
rollover,496,14,
rollover,497,14,
rollover,498,12,
rollover,499,4,
rollover,500,12,
rollover,501,18,
rollover,502,13,
rollover,503,14,
rollover,504,10,
rollover,505,10,
rollover,506,8,
rollover,507,13,
rollover,508,19,
rollover,509,16,
rollover,510,10,
rollover,511,20,
rollover,512,11,
rollover,513,11,
rollover,514,8,
rollover,515,16,
rollover,516,7,
rollover,517,7,
rollover,518,6,
rollover,519,6,
rollover,520,7,
rollover,521,9,
rollover,522,6,
rollover,523,6,
rollover,524,7,
rollover,525,7,
rollover,526,9,
rollover,527,27,
rollover,528,7,
rollover,529,7,
rollover,530,11,
rollover,531,6,
rollover,532,6,
rollover,533,7,
rollover,534,7,
rollover,535,6,
rollover,536,16,
rollover,537,21,
rollover,538,5,
rollover,539,20,
rollover,540,11,
rollover,541,6,
rollover,542,6,
rollover,543,17,
rollover,544,21,
rollover,545,7,
rollover,546,23,
rollover,547,12,
rollover,548,7,
rollover,549,24,
rollover,550,9,
rollover,551,20,
rollover,552,11,
rollover,553,9,
rollover,554,14,
rollover,555,13,
rollover,556,16,
rollover,557,16,
rollover,558,10,
rollover,559,9,
rollover,560,16,
rollover,561,12,
rollover,562,12,
rollover,563,14,
rollover,564,14,
rollover,565,15,
rollover,566,12,
rollover,567,14,
rollover,568,16,
rollover,569,17,
rollover,570,19,
rollover,571,13,
rollover,572,15,
rollover,573,15,
rollover,574,15,
rollover,575,14,
rollover,576,16,
rollover,577,14,
rollover,578,14,
rollover,579,21,
rollover,580,13,
rollover,581,14,
rollover,582,16,
rollover,583,16,
rollover,584,13,
rollover,585,12,
rollover,586,7,
rollover,587,13,
rollover,588,10,
rollover,589,10,
rollover,590,4,
rollover,591,8,
rollover,592,4,
rollover,593,29,
rollover,594,20,
rollover,595,14,
rollover,596,10,
rollover,597,8,
rollover,598,5,
rollover,599,6,
rollover,600,20,
rollover,601,13,
rollover,602,6,
rollover,603,7,
rollover,604,7,
rollover,605,6,
rollover,606,8,
rollover,607,7,
rollover,608,10,
rollover,609,9,
rollover,610,11,
rollover,611,7,
rollover,612,17,
rollover,613,7,
rollover,614,9,
rollover,615,8,
rollover,616,7,
rollover,617,14,
rollover,618,8,
rollover,619,14,
rollover,620,22,
rollover,621,3,
rollover,622,6,
rollover,623,18,
rollover,624,10,
rollover,625,23,
rollover,626,10,
rollover,627,3,
rollover,628,7,
rollover,629,7,
rollover,630,10,
rollover,631,7,
rollover,632,6,
rollover,633,7,
rollover,634,8,
rollover,635,21,
rollover,636,8,
rollover,637,17,
rollover,638,7,
rollover,639,8,
rollover,640,6,
rollover,641,13,
rollover,642,17,
rollover,643,8,
rollover,644,7,
rollover,645,8,
rollover,646,3,
rollover,647,9,
rollover,648,15,
rollover,649,9,
rollover,650,13,
rollover,651,11,
rollover,652,17,
rollover,653,16,
rollover,654,19,
rollover,655,16,
rollover,656,16,
rollover,657,15,
rollover,658,15,
rollover,659,18,
rollover,660,14,
rollover,661,15,
rollover,662,12,
rollover,663,8,
rollover,664,15,
rollover,665,14,
rollover,666,17,
rollover,667,15,
rollover,668,7,
rollover,669,11,
rollover,670,12,
rollover,671,10,
rollover,672,10,
rollover,673,12,
rollover,674,13,
rollover,675,7,
rollover,676,13,
rollover,677,20,
rollover,678,10,
rollover,679,20,
rollover,680,10,
rollover,681,8,
rollover,682,9,
rollover,683,9,
rollover,684,9,
rollover,685,7,
rollover,686,10,
rollover,687,8,
rollover,688,18,
rollover,689,7,
rollover,690,7,
rollover,691,18,
rollover,692,8,
rollover,693,18,
rollover,694,7,
rollover,695,8,
rollover,696,7,
rollover,697,14,
rollover,698,21,
rollover,699,7,
rollover,700,6,
rollover,701,7,
rollover,702,7,
rollover,703,21,
rollover,704,19,
rollover,705,8,
rollover,706,6,
rollover,707,7,
rollover,708,6,
rollover,709,26,
rollover,710,17,
rollover,711,22,
rollover,712,19,
rollover,713,20,
rollover,714,7,
rollover,715,6,
rollover,716,4,
rollover,717,7,
rollover,718,7,
rollover,719,20,
rollover,720,7,
rollover,721,5,
rollover,722,6,
rollover,723,7,
rollover,724,13,
rollover,725,23,
rollover,726,11,
rollover,727,7,
rollover,728,7,
rollover,729,6,
rollover,730,7,
rollover,731,13,
rollover,732,4,
rollover,733,7,
rollover,734,6,
rollover,735,6,
rollover,736,4,
rollover,737,6,
rollover,738,15,
rollover,739,14,
rollover,740,8,
rollover,741,7,
rollover,742,7,
rollover,743,15,
rollover,744,7,
rollover,745,7,
rollover,746,8,
rollover,747,6,
rollover,748,6,
rollover,749,22,
rollover,750,34,
rollover,751,8,
rollover,752,13,
rollover,753,8,
rollover,754,6,
rollover,755,8,
rollover,756,13,
rollover,757,19,
rollover,758,7,
rollover,759,13,
rollover,760,19,
rollover,761,12,
rollover,762,16,
rollover,763,23,
rollover,764,11,
rollover,765,8,
rollover,766,17,
rollover,767,14,
rollover,768,23,
rollover,769,6,
rollover,770,8,
rollover,771,8,
rollover,772,14,
rollover,773,12,
rollover,774,15,
rollover,775,12,
rollover,776,22,
rollover,777,15,
rollover,778,7,
rollover,779,7,
rollover,780,8,
rollover,781,7,
rollover,782,7,
rollover,783,13,
rollover,784,7,
rollover,785,7,
rollover,786,7,
rollover,787,6,
rollover,788,3,
rollover,789,7,
rollover,790,12,
rollover,791,25,
rollover,792,5,
rollover,793,3,
rollover,794,6,
rollover,795,6,
rollover,796,9,
rollover,797,7,
rollover,798,20,
rollover,799,7,
rollover,800,5,
rollover,801,7,
rollover,802,6,
rollover,803,22,
rollover,804,6,
rollover,805,36,
rollover,806,5,
rollover,807,7,
rollover,808,6,
rollover,809,10,
rollover,810,19,
rollover,811,13,
rollover,812,23,
rollover,813,6,
rollover,814,7,
rollover,815,7,
rollover,816,7,
rollover,817,15,
rollover,818,22,
rollover,819,19,
rollover,820,10,
rollover,821,7,
rollover,822,7,
rollover,823,7,
rollover,824,22,
rollover,825,25,
rollover,826,9,
rollover,827,7,
rollover,828,7,
rollover,829,6,
rollover,830,7,
rollover,831,14,
rollover,832,26,
rollover,833,6,
rollover,834,20,
rollover,835,6,
rollover,836,7,
rollover,837,9,
rollover,838,20,
rollover,839,21,
rollover,840,7,
rollover,841,7,
rollover,842,7,
rollover,843,5,
rollover,844,7,
rollover,845,7,
rollover,846,9,
rollover,847,6,
rollover,848,7,
rollover,849,9,
rollover,850,7,
rollover,851,7,
rollover,852,7,
rollover,853,5,
rollover,854,6,
rollover,855,7,
rollover,856,21,
rollover,857,14,
rollover,858,8,
rollover,859,24,
rollover,860,12,
rollover,861,6,
rollover,862,6,
rollover,863,21,
rollover,864,22,
rollover,865,7,
rollover,866,16,
rollover,867,6,
rollover,868,5,
rollover,869,5,
rollover,870,5,
rollover,871,7,
rollover,872,13,
rollover,873,6,
rollover,874,8,
rollover,875,7,
rollover,876,4,
rollover,877,9,
rollover,878,8,
rollover,879,7,
rollover,880,22,
rollover,881,6,
rollover,882,7,
rollover,883,7,
rollover,884,7,
rollover,885,19,
rollover,886,6,
rollover,887,11,
rollover,888,6,
rollover,889,7,
rollover,890,7,
rollover,891,20,
rollover,892,20,
rollover,893,12,
rollover,894,8,
rollover,895,8,
rollover,896,7,
rollover,897,8,
rollover,898,23,
rollover,899,10,
rollover,900,7,
rollover,901,10,
rollover,902,6,
rollover,903,7,
rollover,904,9,
rollover,905,6,
rollover,906,7,
rollover,907,7,
rollover,908,7,
rollover,909,6,
rollover,910,9,
rollover,911,6,
rollover,912,23,
rollover,913,9,
rollover,914,34,
rollover,915,7,
rollover,916,6,
rollover,917,6,
rollover,918,5,
rollover,919,9,
rollover,920,21,
rollover,921,7,
rollover,922,32,
rollover,923,6,
rollover,924,6,
rollover,925,7,
rollover,926,7,
rollover,927,7,
rollover,928,7,
rollover,929,6,
rollover,930,7,
rollover,931,7,
rollover,932,7,
rollover,933,20,
rollover,934,19,
rollover,935,23,
rollover,936,21,
rollover,937,7,
rollover,938,3,
rollover,939,21,
rollover,940,8,
rollover,941,7,
rollover,942,6,
rollover,943,18,
rollover,944,6,
rollover,945,7,
rollover,946,8,
rollover,947,10,
rollover,948,10,
rollover,949,8,
rollover,950,10,
rollover,951,6,
rollover,952,4,
rollover,953,17,
rollover,954,28,
rollover,955,22,
rollover,956,9,
rollover,957,9,
rollover,958,7,
rollover,959,7,
rollover,960,10,
rollover,961,19,
rollover,962,6,
rollover,963,7,
rollover,964,6,
rollover,965,6,
rollover,966,7,
rollover,967,7,
rollover,968,7,
rollover,969,7,
rollover,970,6,
rollover,971,7,
rollover,972,6,
rollover,973,36,
rollover,974,13,
rollover,975,6,
rollover,976,6,
rollover,977,8,
rollover,978,8,
rollover,979,8,
rollover,980,19,
rollover,981,20,
rollover,982,9,
rollover,983,14,
rollover,984,8,
rollover,985,18,
rollover,986,7,
rollover,987,38,
rollover,988,7,
rollover,989,19,
rollover,990,6,
rollover,991,8,
rollover,992,7,
rollover,993,3,
rollover,994,14,
rollover,995,19,
rollover,996,14,
rollover,997,6,
rollover,998,6,
rollover,999,24,
rollover,1000,7,
rollover,1001,11,
rollover,1002,7,
rollover,1003,7,
rollover,1004,19,
rollover,1005,19,
rollover,1006,7,
rollover,1007,6,
rollover,1008,7,
rollover,1009,7,
rollover,1010,9,
rollover,1011,25,
rollover,1012,7,
rollover,1013,6,
rollover,1014,10,
rollover,1015,7,
rollover,1016,8,
rollover,1017,14,
rollover,1018,20,
rollover,1019,7,
rollover,1020,19,
rollover,1021,4,
rollover,1022,29,
rollover,1023,25,
rollover,1024,8,
rollover,1025,14,
rollover,1026,6,
rollover,1027,7,
rollover,1028,3,
rollover,1029,14,
rollover,1030,22,
rollover,1031,21,
rollover,1032,22,
rollover,1033,7,
rollover,1034,5,
rollover,1035,6,
rollover,1036,9,
rollover,1037,18,
rollover,1038,6,
rollover,1039,18,
rollover,1040,13,
rollover,1041,7,
rollover,1042,6,
rollover,1043,5,
rollover,1044,21,
rollover,1045,6,
rollover,1046,6,
rollover,1047,7,
rollover,1048,6,
rollover,1049,7,
rollover,1050,9,
rollover,1051,8,
rollover,1052,18,
rollover,1053,24,
rollover,1054,20,
rollover,1055,6,
rollover,1056,7,
rollover,1057,7,
rollover,1058,22,
rollover,1059,21,
rollover,1060,9,
rollover,1061,7,
rollover,1062,7,
rollover,1063,6,
rollover,1064,7,
rollover,1065,7,
rollover,1066,6,
rollover,1067,8,
rollover,1068,11,
rollover,1069,6,
rollover,1070,6,
rollover,1071,8,
rollover,1072,6,
rollover,1073,22,
rollover,1074,5,
rollover,1075,9,
rollover,1076,6,
rollover,1077,6,
rollover,1078,20,
rollover,1079,6,
rollover,1080,21,
rollover,1081,5,
rollover,1082,8,
rollover,1083,5,
rollover,1084,7,
rollover,1085,12,
rollover,1086,7,
rollover,1087,8,
rollover,1088,7,
rollover,1089,7,
rollover,1090,6,
rollover,1091,19,
rollover,1092,23,
rollover,1093,6,
rollover,1094,13,
rollover,1095,13,
rollover,1096,6,
rollover,1097,7,
rollover,1098,9,
rollover,1099,6,
rollover,1100,7,
rollover,1101,11,
rollover,1102,6,
rollover,1103,18,
rollover,1104,7,
rollover,1105,8,
rollover,1106,7,
rollover,1107,11,
rollover,1108,6,
rollover,1109,10,
rollover,1110,6,
rollover,1111,15,
rollover,1112,17,
rollover,1113,6,
rollover,1114,10,
rollover,1115,25,
rollover,1116,7,
rollover,1117,6,
rollover,1118,22,
rollover,1119,21,
rollover,1120,22,
rollover,1121,16,
rollover,1122,8,
rollover,1123,8,
rollover,1124,6,
rollover,1125,6,
rollover,1126,7,
rollover,1127,7,
rollover,1128,10,
rollover,1129,7,
rollover,1130,6,
rollover,1131,6,
rollover,1132,27,
rollover,1133,22,
rollover,1134,7,
rollover,1135,10,
rollover,1136,7,
rollover,1137,6,
rollover,1138,5,
rollover,1139,14,
rollover,1140,7,
rollover,1141,7,
rollover,1142,8,
rollover,1143,7,
rollover,1144,6,
rollover,1145,3,
rollover,1146,21,
rollover,1147,7,
rollover,1148,6,
rollover,1149,7,
rollover,1150,39,
rollover,1151,6,
rollover,1152,6,
rollover,1153,19,
rollover,1154,19,
rollover,1155,21,
rollover,1156,23,
rollover,1157,7,
rollover,1158,7,
rollover,1159,13,
rollover,1160,6,
rollover,1161,19,
rollover,1162,16,
rollover,1163,19,
rollover,1164,7,
rollover,1165,6,
rollover,1166,9,
rollover,1167,17,
rollover,1168,22,
rollover,1169,6,
rollover,1170,8,
rollover,1171,10,
rollover,1172,7,
rollover,1173,8,
rollover,1174,8,
rollover,1175,15,
rollover,1176,6,
rollover,1177,6,
rollover,1178,7,
rollover,1179,8,
rollover,1180,20,
rollover,1181,22,
rollover,1182,22,
rollover,1183,24,
rollover,1184,12,
rollover,1185,6,
rollover,1186,23,
rollover,1187,13,
rollover,1188,7,
rollover,1189,6,
rollover,1190,6,
rollover,1191,6,
rollover,1192,6,
rollover,1193,39,
rollover,1194,18,
rollover,1195,6,
rollover,1196,9,
rollover,1197,26,
rollover,1198,6,
rollover,1199,3,
rollover,1200,23,
rollover,1201,13,
rollover,1202,19,
rollover,1203,6,
rollover,1204,21,
rollover,1205,6,
rollover,1206,6,
rollover,1207,33,
rollover,1208,18,
rollover,1209,12,
rollover,1210,23,
rollover,1211,8,
rollover,1212,8,
rollover,1213,8,
rollover,1214,8,
rollover,1215,22,
rollover,1216,15,
rollover,1217,14,
rollover,1218,7,
rollover,1219,8,
rollover,1220,4,
rollover,1221,6,
rollover,1222,25,
rollover,1223,7,
rollover,1224,14,
rollover,1225,21,
rollover,1226,7,
rollover,1227,7,
rollover,1228,7,
rollover,1229,15,
rollover,1230,17,
rollover,1231,14,
rollover,1232,19,
rollover,1233,7,
rollover,1234,7,
rollover,1235,5,
rollover,1236,8,
rollover,1237,10,
rollover,1238,7,
rollover,1239,13,
rollover,1240,8,
rollover,1241,7,
rollover,1242,7,
rollover,1243,23,
rollover,1244,9,
rollover,1245,26,
rollover,1246,13,
rollover,1247,7,
rollover,1248,7,
rollover,1249,19,
rollover,1250,22,
rollover,1251,6,
rollover,1252,6,
rollover,1253,6,
rollover,1254,6,
rollover,1255,3,
rollover,1256,12,
rollover,1257,8,
rollover,1258,7,
rollover,1259,6,
rollover,1260,10,
rollover,1261,6,
rollover,1262,7,
rollover,1263,7,
rollover,1264,21,
rollover,1265,21,
rollover,1266,9,
rollover,1267,4,
rollover,1268,6,
rollover,1269,6,
rollover,1270,6,
rollover,1271,21,
rollover,1272,8,
rollover,1273,6,
rollover,1274,8,
rollover,1275,7,
rollover,1276,7,
rollover,1277,6,
rollover,1278,21,
rollover,1279,8,
rollover,1280,10,
rollover,1281,10,
rollover,1282,8,
rollover,1283,7,
rollover,1284,6,
rollover,1285,9,
rollover,1286,21,
rollover,1287,9,
rollover,1288,22,
rollover,1289,6,
rollover,1290,8,
rollover,1291,7,
rollover,1292,22,
rollover,1293,20,
rollover,1294,11,
rollover,1295,7,
rollover,1296,29,
rollover,1297,7,
rollover,1298,5,
rollover,1299,24,
rollover,1300,32,
rollover,1301,5,
rollover,1302,7,
rollover,1303,6,
rollover,1304,6,
rollover,1305,8,
rollover,1306,7,
rollover,1307,14,
rollover,1308,15,
rollover,1309,6,
rollover,1310,20,
rollover,1311,5,
rollover,1312,6,
rollover,1313,7,
rollover,1314,33,
rollover,1315,8,
rollover,1316,6,
rollover,1317,21,
rollover,1318,6,
rollover,1319,6,
rollover,1320,18,
rollover,1321,9,
rollover,1322,7,
rollover,1323,12,
rollover,1324,9,
rollover,1325,7,
rollover,1326,7,
rollover,1327,19,
rollover,1328,8,
rollover,1329,11,
rollover,1330,9,
rollover,1331,25,
rollover,1332,7,
rollover,1333,8,
rollover,1334,7,
rollover,1335,8,
rollover,1336,15,
rollover,1337,21,
rollover,1338,7,
rollover,1339,7,
rollover,1340,7,
rollover,1341,7,
rollover,1342,7,
rollover,1343,7,
rollover,1344,7,
rollover,1345,6,
rollover,1346,6,
rollover,1347,6,
rollover,1348,7,
rollover,1349,24,
rollover,1350,5,
rollover,1351,8,
rollover,1352,7,
rollover,1353,7,
rollover,1354,6,
rollover,1355,22,
rollover,1356,7,
rollover,1357,6,
rollover,1358,6,
rollover,1359,6,
rollover,1360,7,
rollover,1361,18,
rollover,1362,21,
rollover,1363,19,
rollover,1364,16,
rollover,1365,8,
rollover,1366,7,
rollover,1367,6,
rollover,1368,6,
rollover,1369,20,
rollover,1370,22,
rollover,1371,7,
rollover,1372,9,
rollover,1373,7,
rollover,1374,7,
rollover,1375,5,
rollover,1376,15,
rollover,1377,16,
rollover,1378,14,
rollover,1379,8,
rollover,1380,7,
rollover,1381,7,
rollover,1382,13,
rollover,1383,10,
rollover,1384,7,
rollover,1385,10,
rollover,1386,6,
rollover,1387,7,
rollover,1388,7,
rollover,1389,6,
rollover,1390,14,
rollover,1391,7,
rollover,1392,5,
rollover,1393,14,
rollover,1394,7,
rollover,1395,10,
rollover,1396,36,
rollover,1397,9,
rollover,1398,13,
rollover,1399,10,
rollover,1400,7,
rollover,1401,7,
rollover,1402,6,
rollover,1403,5,
rollover,1404,7,
rollover,1405,8,
rollover,1406,7,
rollover,1407,6,
rollover,1408,7,
rollover,1409,6,
rollover,1410,5,
rollover,1411,7,
rollover,1412,7,
rollover,1413,15,
rollover,1414,6,
rollover,1415,3,
rollover,1416,6,
rollover,1417,6,
rollover,1418,5,
rollover,1419,6,
rollover,1420,8,
rollover,1421,6,
rollover,1422,6,
rollover,1423,6,
rollover,1424,5,
rollover,1425,9,
rollover,1426,6,
rollover,1427,13,
rollover,1428,7,
rollover,1429,7,
rollover,1430,32,
rollover,1431,7,
rollover,1432,7,
rollover,1433,7,
rollover,1434,7,
rollover,1435,6,
rollover,1436,7,
rollover,1437,23,
rollover,1438,8,
rollover,1439,20,
rollover,1440,15,
rollover,1441,23,
rollover,1442,5,
rollover,1443,6,
rollover,1444,6,
rollover,1445,13,
rollover,1446,8,
rollover,1447,7,
rollover,1448,7,
rollover,1449,7,
rollover,1450,8,
rollover,1451,7,
rollover,1452,22,
rollover,1453,20,
rollover,1454,6,
rollover,1455,6,
rollover,1456,6,
rollover,1457,22,
rollover,1458,6,
rollover,1459,8,
rollover,1460,17,
rollover,1461,10,
rollover,1462,3,
rollover,1463,6,
rollover,1464,19,
rollover,1465,6,
rollover,1466,21,
rollover,1467,8,
rollover,1468,18,
rollover,1469,7,
rollover,1470,5,
rollover,1471,6,
rollover,1472,7,
rollover,1473,7,
rollover,1474,7,
rollover,1475,11,
rollover,1476,23,
rollover,1477,7,
rollover,1478,7,
rollover,1479,11,
rollover,1480,7,
rollover,1481,7,
rollover,1482,7,
rollover,1483,13,
rollover,1484,7,
rollover,1485,6,
rollover,1486,25,
rollover,1487,6,
rollover,1488,21,
rollover,1489,18,
rollover,1490,5,
rollover,1491,6,
rollover,1492,6,
rollover,1493,7,
rollover,1494,7,
rollover,1495,16,
rollover,1496,19,
rollover,1497,9,
rollover,1498,5,
rollover,1499,6,
rollover,1500,6,
rollover,1501,7,
rollover,1502,7,
rollover,1503,6,
rollover,1504,6,
rollover,1505,3,
rollover,1506,8,
rollover,1507,6,
rollover,1508,14,
rollover,1509,9,
rollover,1510,11,
rollover,1511,8,
rollover,1512,7,
rollover,1513,12,
rollover,1514,9,
rollover,1515,15,
rollover,1516,11,
rollover,1517,15,
rollover,1518,14,
rollover,1519,17,
rollover,1520,15,
rollover,1521,11,
rollover,1522,8,
rollover,1523,7,
rollover,1524,8,
rollover,1525,12,
rollover,1526,13,
rollover,1527,20,
rollover,1528,6,
rollover,1529,6,
rollover,1530,6,
rollover,1531,11,
rollover,1532,6,
rollover,1533,5,
rollover,1534,4,
rollover,1535,8,
rollover,1536,7,
rollover,1537,20,
rollover,1538,6,
rollover,1539,9,
rollover,1540,6,
rollover,1541,6,
rollover,1542,7,
rollover,1543,6,
rollover,1544,9,
rollover,1545,11,
rollover,1546,16,
rollover,1547,10,
rollover,1548,6,
rollover,1549,7,
rollover,1550,7,
rollover,1551,6,
rollover,1552,10,
rollover,1553,15,
rollover,1554,14,
rollover,1555,7,
rollover,1556,8,
rollover,1557,6,
rollover,1558,18,
rollover,1559,6,
rollover,1560,12,
rollover,1561,10,
rollover,1562,18,
rollover,1563,5,
rollover,1564,3,
rollover,1565,13,
rollover,1566,7,
rollover,1567,5,
rollover,1568,6,
rollover,1569,8,
rollover,1570,7,
rollover,1571,5,
rollover,1572,8,
rollover,1573,14,
rollover,1574,7,
rollover,1575,8,
rollover,1576,7,
rollover,1577,7,
rollover,1578,7,
rollover,1579,6,
rollover,1580,7,
rollover,1581,8,
rollover,1582,18,
rollover,1583,7,
rollover,1584,9,
rollover,1585,5,
rollover,1586,21,
rollover,1587,7,
rollover,1588,12,
rollover,1589,23,
rollover,1590,7,
rollover,1591,18,
rollover,1592,6,
rollover,1593,3,
rollover,1594,16,
rollover,1595,7,
rollover,1596,11,
rollover,1597,16,
rollover,1598,6,
rollover,1599,4,
rollover,1600,6,
rollover,1601,24,
rollover,1602,9,
rollover,1603,12,
rollover,1604,22,
rollover,1605,7,
rollover,1606,9,
rollover,1607,6,
rollover,1608,9,
rollover,1609,19,
rollover,1610,7,
rollover,1611,7,
rollover,1612,5,
rollover,1613,6,
rollover,1614,7,
rollover,1615,12,
rollover,1616,7,
rollover,1617,9,
rollover,1618,8,
rollover,1619,7,
rollover,1620,14,
rollover,1621,21,
rollover,1622,6,
rollover,1623,6,
rollover,1624,7,
rollover,1625,7,
rollover,1626,7,
rollover,1627,14,
rollover,1628,18,
rollover,1629,21,
rollover,1630,16,
rollover,1631,8,
rollover,1632,6,
rollover,1633,7,
rollover,1634,8,
rollover,1635,14,
rollover,1636,20,
rollover,1637,7,
rollover,1638,6,
rollover,1639,11,
rollover,1640,8,
rollover,1641,8,
rollover,1642,23,
rollover,1643,5,
rollover,1644,3,
rollover,1645,7,
rollover,1646,11,
rollover,1647,6,
rollover,1648,6,
rollover,1649,4,
rollover,1650,20,
rollover,1651,7,
rollover,1652,3,
rollover,1653,6,
rollover,1654,7,
rollover,1655,15,
rollover,1656,7,
rollover,1657,8,
rollover,1658,8,
rollover,1659,7,
rollover,1660,6,
rollover,1661,17,
rollover,1662,8,
rollover,1663,7,
rollover,1664,14,
rollover,1665,7,
rollover,1666,7,
rollover,1667,9,
rollover,1668,6,
rollover,1669,6,
rollover,1670,9,
rollover,1671,8,
rollover,1672,6,
rollover,1673,24,
rollover,1674,13,
rollover,1675,10,
rollover,1676,6,
rollover,1677,22,
rollover,1678,7,
rollover,1679,3,
rollover,1680,7,
rollover,1681,6,
rollover,1682,7,
rollover,1683,6,
rollover,1684,12,
rollover,1685,5,
rollover,1686,8,
rollover,1687,3,
rollover,1688,7,
rollover,1689,6,
rollover,1690,19,
rollover,1691,10,
rollover,1692,6,
rollover,1693,7,
rollover,1694,7,
rollover,1695,4,
rollover,1696,15,
rollover,1697,17,
rollover,1698,14,
rollover,1699,22,
rollover,1700,7,
rollover,1701,7,
rollover,1702,6,
rollover,1703,7,
rollover,1704,18,
rollover,1705,10,
rollover,1706,11,
rollover,1707,8,
rollover,1708,6,
rollover,1709,18,
rollover,1710,6,
rollover,1711,22,
rollover,1712,6,
rollover,1713,5,
rollover,1714,7,
rollover,1715,7,
rollover,1716,6,
rollover,1717,7,
rollover,1718,7,
rollover,1719,9,
rollover,1720,7,
rollover,1721,21,
rollover,1722,7,
rollover,1723,7,
rollover,1724,10,
rollover,1725,7,
rollover,1726,13,
rollover,1727,7,
rollover,1728,7,
rollover,1729,6,
rollover,1730,7,
rollover,1731,6,
rollover,1732,8,
rollover,1733,6,
rollover,1734,8,
rollover,1735,6,
rollover,1736,7,
rollover,1737,13,
rollover,1738,21,
rollover,1739,21,
rollover,1740,21,
rollover,1741,7,
rollover,1742,6,
rollover,1743,9,
rollover,1744,9,
rollover,1745,7,
rollover,1746,6,
rollover,1747,10,
rollover,1748,6,
rollover,1749,7,
rollover,1750,19,
rollover,1751,8,
rollover,1752,16,
rollover,1753,7,
rollover,1754,7,
rollover,1755,12,
rollover,1756,6,
rollover,1757,5,
rollover,1758,14,
rollover,1759,6,
rollover,1760,13,
rollover,1761,24,
rollover,1762,7,
rollover,1763,7,
rollover,1764,6,
rollover,1765,7,
rollover,1766,6,
rollover,1767,7,
rollover,1768,5,
rollover,1769,7,
rollover,1770,7,
rollover,1771,7,
rollover,1772,6,
rollover,1773,22,
rollover,1774,7,
rollover,1775,11,
rollover,1776,27,
rollover,1777,3,
rollover,1778,6,
rollover,1779,25,
rollover,1780,12,
rollover,1781,22,
rollover,1782,10,
rollover,1783,7,
rollover,1784,7,
rollover,1785,11,
rollover,1786,8,
rollover,1787,6,
rollover,1788,17,
rollover,1789,8,
rollover,1790,7,
rollover,1791,6,
rollover,1792,7,
rollover,1793,8,
rollover,1794,12,
rollover,1795,19,
rollover,1796,13,
rollover,1797,11,
rollover,1798,8,
rollover,1799,7,
rollover,1800,21,
rollover,1801,13,
rollover,1802,11,
rollover,1803,8,
rollover,1804,7,
rollover,1805,13,
rollover,1806,7,
rollover,1807,13,
rollover,1808,11,
rollover,1809,20,
rollover,1810,9,
rollover,1811,7,
rollover,1812,12,
rollover,1813,8,
rollover,1814,14,
rollover,1815,7,
rollover,1816,5,
rollover,1817,7,
rollover,1818,10,
rollover,1819,6,
rollover,1820,7,
rollover,1821,16,
rollover,1822,7,
rollover,1823,6,
rollover,1824,5,
rollover,1825,20,
rollover,1826,6,
rollover,1827,8,
rollover,1828,29,
rollover,1829,8,
rollover,1830,6,
rollover,1831,22,
rollover,1832,29,
rollover,1833,9,
rollover,1834,6,
rollover,1835,7,
rollover,1836,7,
rollover,1837,36,
rollover,1838,12,
rollover,1839,32,
rollover,1840,7,
rollover,1841,9,
rollover,1842,7,
rollover,1843,6,
rollover,1844,7,
rollover,1845,7,
rollover,1846,6,
rollover,1847,6,
rollover,1848,7,
rollover,1849,7,
rollover,1850,7,
rollover,1851,10,
rollover,1852,6,
rollover,1853,6,
rollover,1854,6,
rollover,1855,7,
rollover,1856,8,
rollover,1857,7,
rollover,1858,6,
rollover,1859,21,
rollover,1860,7,
rollover,1861,15,
rollover,1862,6,
rollover,1863,7,
rollover,1864,4,
rollover,1865,8,
rollover,1866,8,
rollover,1867,20,
rollover,1868,6,
rollover,1869,6,
rollover,1870,6,
rollover,1871,7,
rollover,1872,9,
rollover,1873,20,
rollover,1874,12,
rollover,1875,7,
rollover,1876,54,
rollover,1877,8,
rollover,1878,9,
rollover,1879,6,
rollover,1880,6,
rollover,1881,7,
rollover,1882,7,
rollover,1883,7,
rollover,1884,6,
rollover,1885,12,
rollover,1886,8,
rollover,1887,15,
rollover,1888,5,
rollover,1889,7,
rollover,1890,6,
rollover,1891,15,
rollover,1892,8,
rollover,1893,13,
rollover,1894,12,
rollover,1895,5,
rollover,1896,7,
rollover,1897,6,
rollover,1898,14,
rollover,1899,19,
rollover,1900,10,
rollover,1901,6,
rollover,1902,7,
rollover,1903,8,
rollover,1904,5,
rollover,1905,7,
rollover,1906,15,
rollover,1907,15,
rollover,1908,14,
rollover,1909,11,
rollover,1910,17,
rollover,1911,13,
rollover,1912,14,
rollover,1913,14,
rollover,1914,14,
rollover,1915,16,
rollover,1916,16,
rollover,1917,8,
rollover,1918,10,
rollover,1919,7,
rollover,1920,7,
rollover,1921,7,
rollover,1922,10,
rollover,1923,10,
rollover,1924,6,
rollover,1925,7,
rollover,1926,5,
rollover,1927,7,
rollover,1928,12,
rollover,1929,9,
rollover,1930,19,
rollover,1931,7,
rollover,1932,7,
rollover,1933,7,
rollover,1934,6,
rollover,1935,7,
rollover,1936,21,
rollover,1937,7,
rollover,1938,6,
rollover,1939,6,
rollover,1940,5,
rollover,1941,9,
rollover,1942,19,
rollover,1943,5,
rollover,1944,19,
rollover,1945,11,
rollover,1946,21,
rollover,1947,6,
rollover,1948,5,
rollover,1949,9,
rollover,1950,19,
rollover,1951,8,
rollover,1952,6,
rollover,1953,18,
rollover,1954,22,
rollover,1955,6,
rollover,1956,6,
rollover,1957,7,
rollover,1958,14,
rollover,1959,7,
rollover,1960,7,
rollover,1961,7,
rollover,1962,6,
rollover,1963,7,
rollover,1964,8,
rollover,1965,8,
rollover,1966,4,
rollover,1967,26,
rollover,1968,21,
rollover,1969,8,
rollover,1970,6,
rollover,1971,16,
rollover,1972,6,
rollover,1973,7,
rollover,1974,12,
rollover,1975,8,
rollover,1976,6,
rollover,1977,6,
rollover,1978,13,
rollover,1979,6,
rollover,1980,21,
rollover,1981,22,
rollover,1982,9,
rollover,1983,5,
rollover,1984,9,
rollover,1985,8,
rollover,1986,9,
rollover,1987,7,
rollover,1988,6,
rollover,1989,22,
rollover,1990,5,
rollover,1991,7,
rollover,1992,8,
rollover,1993,8,
rollover,1994,7,
rollover,1995,8,
rollover,1996,8,
rollover,1997,7,
rollover,1998,7,
rollover,1999,7,
rollover,2000,9,
rollover,2001,11,
rollover,2002,6,
rollover,2003,6,
rollover,2004,5,
rollover,2005,5,
rollover,2006,8,
rollover,2007,9,
rollover,2008,23,
rollover,2009,19,
rollover,2010,29,
rollover,2011,6,
rollover,2012,8,
rollover,2013,7,
rollover,2014,16,
rollover,2015,7,
rollover,2016,19,
rollover,2017,7,
rollover,2018,6,
rollover,2019,7,
rollover,2020,24,
rollover,2021,6,
rollover,2022,5,
rollover,2023,7,
rollover,2024,25,
rollover,2025,7,
rollover,2026,9,
rollover,2027,12,
rollover,2028,19,
rollover,2029,14,
rollover,2030,7,
rollover,2031,6,
rollover,2032,6,
rollover,2033,20,
rollover,2034,7,
rollover,2035,8,
rollover,2036,7,
rollover,2037,23,
rollover,2038,7,
rollover,2039,8,
rollover,2040,13,
rollover,2041,7,
rollover,2042,10,
rollover,2043,22,
rollover,2044,6,
rollover,2045,7,
rollover,2046,11,
rollover,2047,8,
rollover,2048,14,
rollover,2049,7,
rollover,2050,16,
rollover,2051,7,
rollover,2052,6,
rollover,2053,25,
rollover,2054,16,
rollover,2055,7,
rollover,2056,7,
rollover,2057,5,
rollover,2058,8,
rollover,2059,7,
rollover,2060,8,
rollover,2061,7,
rollover,2062,6,
rollover,2063,13,
rollover,2064,28,
rollover,2065,6,
rollover,2066,8,
rollover,2067,5,
rollover,2068,26,
rollover,2069,13,
rollover,2070,12,
rollover,2071,14,
rollover,2072,9,
rollover,2073,7,
rollover,2074,9,
rollover,2075,21,
rollover,2076,14,
rollover,2077,21,
rollover,2078,18,
rollover,2079,9,
rollover,2080,6,
rollover,2081,7,
rollover,2082,13,
rollover,2083,21,
rollover,2084,7,
rollover,2085,6,
rollover,2086,6,
rollover,2087,7,
rollover,2088,7,
rollover,2089,7,
rollover,2090,4,
rollover,2091,7,
rollover,2092,21,
rollover,2093,6,
rollover,2094,6,
rollover,2095,8,
rollover,2096,10,
rollover,2097,22,
rollover,2098,20,
rollover,2099,6,
rollover,2100,6,
rollover,2101,10,
rollover,2102,20,
rollover,2103,6,
rollover,2104,22,
rollover,2105,30,
rollover,2106,6,
rollover,2107,9,
rollover,2108,7,
rollover,2109,24,
rollover,2110,6,
rollover,2111,6,
rollover,2112,21,
rollover,2113,6,
rollover,2114,11,
rollover,2115,10,
rollover,2116,15,
rollover,2117,21,
rollover,2118,13,
rollover,2119,7,
rollover,2120,6,
rollover,2121,6,
rollover,2122,8,
rollover,2123,20,
rollover,2124,18,
rollover,2125,7,
rollover,2126,8,
rollover,2127,6,
rollover,2128,6,
rollover,2129,22,
rollover,2130,8,
rollover,2131,20,
rollover,2132,7,
rollover,2133,7,
rollover,2134,7,
rollover,2135,6,
rollover,2136,6,
rollover,2137,8,
rollover,2138,9,
rollover,2139,10,
rollover,2140,6,
rollover,2141,7,
rollover,2142,7,
rollover,2143,26,
rollover,2144,7,
rollover,2145,11,
rollover,2146,8,
rollover,2147,7,
rollover,2148,7,
rollover,2149,5,
rollover,2150,20,
rollover,2151,17,
rollover,2152,7,
rollover,2153,9,
rollover,2154,6,
rollover,2155,6,
rollover,2156,6,
rollover,2157,10,
rollover,2158,22,
rollover,2159,22,
rollover,2160,21,
rollover,2161,8,
rollover,2162,13,
rollover,2163,6,
rollover,2164,7,
rollover,2165,18,
rollover,2166,14,
rollover,2167,15,
rollover,2168,22,
rollover,2169,7,
rollover,2170,6,
rollover,2171,8,
rollover,2172,5,
rollover,2173,7,
rollover,2174,9,
rollover,2175,12,
rollover,2176,7,
rollover,2177,7,
rollover,2178,7,
rollover,2179,20,
rollover,2180,19,
rollover,2181,22,
rollover,2182,10,
rollover,2183,6,
rollover,2184,6,
rollover,2185,9,
rollover,2186,12,
rollover,2187,17,
rollover,2188,8,
rollover,2189,6,
rollover,2190,6,
rollover,2191,6,
rollover,2192,7,
rollover,2193,14,
rollover,2194,6,
rollover,2195,10,
rollover,2196,7,
rollover,2197,13,
rollover,2198,23,
rollover,2199,14,
rollover,2200,16,
rollover,2201,7,
rollover,2202,16,
rollover,2203,6,
rollover,2204,17,
rollover,2205,7,
rollover,2206,7,
rollover,2207,7,
rollover,2208,8,
rollover,2209,6,
rollover,2210,5,
rollover,2211,5,
rollover,2212,6,
rollover,2213,5,
rollover,2214,6,
rollover,2215,5,
rollover,2216,6,
rollover,2217,7,
rollover,2218,6,
rollover,2219,6,
rollover,2220,19,
rollover,2221,9,
rollover,2222,20,
rollover,2223,6,
rollover,2224,7,
rollover,2225,6,
rollover,2226,8,
rollover,2227,7,
rollover,2228,13,
rollover,2229,20,
rollover,2230,6,
rollover,2231,13,
rollover,2232,7,
rollover,2233,10,
rollover,2234,7,
rollover,2235,8,
rollover,2236,6,
rollover,2237,7,
rollover,2238,7,
rollover,2239,6,
rollover,2240,7,
rollover,2241,20,
rollover,2242,6,
rollover,2243,7,
rollover,2244,6,
rollover,2245,5,
rollover,2246,8,
rollover,2247,9,
rollover,2248,8,
rollover,2249,10,
rollover,2250,5,
rollover,2251,21,
rollover,2252,21,
rollover,2253,7,
rollover,2254,12,
rollover,2255,14,
rollover,2256,13,
rollover,2257,6,
rollover,2258,18,
rollover,2259,19,
rollover,2260,7,
rollover,2261,7,
rollover,2262,23,
rollover,2263,44,
rollover,2264,7,
rollover,2265,7,
rollover,2266,7,
rollover,2267,10,
rollover,2268,7,
rollover,2269,16,
rollover,2270,11,
rollover,2271,20,
rollover,2272,16,
rollover,2273,18,
rollover,2274,7,
rollover,2275,5,
rollover,2276,7,
rollover,2277,5,
rollover,2278,5,
rollover,2279,12,
rollover,2280,7,
rollover,2281,5,
rollover,2282,5,
rollover,2283,7,
rollover,2284,20,
rollover,2285,16,
rollover,2286,7,
rollover,2287,7,
rollover,2288,6,
rollover,2289,8,
rollover,2290,7,
rollover,2291,21,
rollover,2292,7,
rollover,2293,6,
rollover,2294,5,
rollover,2295,6,
rollover,2296,6,
rollover,2297,7,
rollover,2298,22,
rollover,2299,6,
rollover,2300,7,
rollover,2301,6,
rollover,2302,6,
rollover,2303,8,
rollover,2304,14,
rollover,2305,7,
rollover,2306,6,
rollover,2307,6,
rollover,2308,4,
rollover,2309,6,
rollover,2310,6,
rollover,2311,8,
rollover,2312,21,
rollover,2313,10,
rollover,2314,21,
rollover,2315,8,
rollover,2316,5,
rollover,2317,3,
rollover,2318,7,
rollover,2319,9,
rollover,2320,14,
rollover,2321,13,
rollover,2322,21,
rollover,2323,6,
rollover,2324,7,
rollover,2325,8,
rollover,2326,6,
rollover,2327,22,
rollover,2328,21,
rollover,2329,7,
rollover,2330,7,
rollover,2331,4,
rollover,2332,9,
rollover,2333,21,
rollover,2334,6,
rollover,2335,6,
rollover,2336,9,
rollover,2337,7,
rollover,2338,7,
rollover,2339,7,
rollover,2340,22,
rollover,2341,22,
rollover,2342,7,
rollover,2343,24,
rollover,2344,6,
rollover,2345,6,
rollover,2346,6,
rollover,2347,10,
rollover,2348,6,
rollover,2349,23,
rollover,2350,19,
rollover,2351,6,
rollover,2352,6,
rollover,2353,19,
rollover,2354,8,
rollover,2355,15,
rollover,2356,21,
rollover,2357,5,
rollover,2358,6,
rollover,2359,6,
rollover,2360,6,
rollover,2361,7,
rollover,2362,20,
rollover,2363,16,
rollover,2364,4,
rollover,2365,7,
rollover,2366,25,
rollover,2367,7,
rollover,2368,13,
rollover,2369,13,
rollover,2370,5,
rollover,2371,7,
rollover,2372,7,
rollover,2373,7,
rollover,2374,15,
rollover,2375,6,
rollover,2376,6,
rollover,2377,8,
rollover,2378,6,
rollover,2379,7,
rollover,2380,7,
rollover,2381,8,
rollover,2382,10,
rollover,2383,20,
rollover,2384,7,
rollover,2385,6,
rollover,2386,5,
rollover,2387,15,
rollover,2388,21,
rollover,2389,22,
rollover,2390,14,
rollover,2391,9,
rollover,2392,9,
rollover,2393,13,
rollover,2394,14,
rollover,2395,8,
rollover,2396,7,
rollover,2397,8,
rollover,2398,6,
rollover,2399,6,
rollover,2400,20,
rollover,2401,20,
rollover,2402,7,
rollover,2403,8,
rollover,2404,5,
rollover,2405,6,
rollover,2406,7,
rollover,2407,41,
rollover,2408,7,
rollover,2409,6,
rollover,2410,22,
rollover,2411,6,
rollover,2412,4,
rollover,2413,7,
rollover,2414,32,
rollover,2415,6,
rollover,2416,11,
rollover,2417,8,
rollover,2418,10,
rollover,2419,5,
rollover,2420,19,
rollover,2421,7,
rollover,2422,10,
rollover,2423,7,
rollover,2424,10,
rollover,2425,6,
rollover,2426,3,
rollover,2427,9,
rollover,2428,19,
rollover,2429,16,
rollover,2430,20,
rollover,2431,6,
rollover,2432,7,
rollover,2433,6,
rollover,2434,5,
rollover,2435,17,
rollover,2436,7,
rollover,2437,7,
rollover,2438,28,
rollover,2439,21,
rollover,2440,6,
rollover,2441,7,
rollover,2442,6,
rollover,2443,9,
rollover,2444,20,
rollover,2445,9,
rollover,2446,22,
rollover,2447,4,
rollover,2448,6,
rollover,2449,21,
rollover,2450,9,
rollover,2451,8,
rollover,2452,6,
rollover,2453,9,
rollover,2454,14,
rollover,2455,6,
rollover,2456,7,
rollover,2457,18,
rollover,2458,32,
rollover,2459,8,
rollover,2460,6,
rollover,2461,10,
rollover,2462,6,
rollover,2463,21,
rollover,2464,7,
rollover,2465,12,
rollover,2466,22,
rollover,2467,7,
rollover,2468,21,
rollover,2469,6,
rollover,2470,7,
rollover,2471,20,
rollover,2472,12,
rollover,2473,12,
rollover,2474,8,
rollover,2475,7,
rollover,2476,7,
rollover,2477,7,
rollover,2478,13,
rollover,2479,7,
rollover,2480,11,
rollover,2481,21,
rollover,2482,9,
rollover,2483,8,
rollover,2484,16,
rollover,2485,7,
rollover,2486,7,
rollover,2487,8,
rollover,2488,18,
rollover,2489,4,
rollover,2490,5,
rollover,2491,6,
rollover,2492,7,
rollover,2493,17,
rollover,2494,19,
rollover,2495,6,
rollover,2496,5,
rollover,2497,6,
rollover,2498,15,
rollover,2499,7,
rollover,2500,5,
rollover,2501,20,
rollover,2502,6,
rollover,2503,6,
rollover,2504,6,
rollover,2505,9,
rollover,2506,12,
rollover,2507,6,
rollover,2508,21,
rollover,2509,6,
rollover,2510,6,
rollover,2511,7,
rollover,2512,26,
rollover,2513,7,
rollover,2514,13,
rollover,2515,7,
rollover,2516,9,
rollover,2517,6,
rollover,2518,7,
rollover,2519,6,
rollover,2520,19,
rollover,2521,7,
rollover,2522,26,
rollover,2523,6,
rollover,2524,7,
rollover,2525,5,
rollover,2526,19,
rollover,2527,5,
rollover,2528,22,
rollover,2529,5,
rollover,2530,6,
rollover,2531,15,
rollover,2532,7,
rollover,2533,22,
rollover,2534,7,
rollover,2535,7,
rollover,2536,5,
rollover,2537,6,
rollover,2538,7,
rollover,2539,21,
rollover,2540,7,
rollover,2541,14,
rollover,2542,11,
rollover,2543,6,
rollover,2544,6,
rollover,2545,6,
rollover,2546,6,
rollover,2547,20,
rollover,2548,7,
rollover,2549,11,
rollover,2550,7,
rollover,2551,6,
rollover,2552,13,
rollover,2553,5,
rollover,2554,24,
rollover,2555,23,
rollover,2556,6,
rollover,2557,20,
rollover,2558,6,
rollover,2559,8,
rollover,2560,7,
rollover,2561,18,
rollover,2562,7,
rollover,2563,6,
rollover,2564,5,
rollover,2565,7,
rollover,2566,6,
rollover,2567,11,
rollover,2568,5,
rollover,2569,20,
rollover,2570,7,
rollover,2571,7,
rollover,2572,5,
rollover,2573,7,
rollover,2574,7,
rollover,2575,7,
rollover,2576,8,
rollover,2577,22,
rollover,2578,7,
rollover,2579,6,
rollover,2580,5,
rollover,2581,5,
rollover,2582,10,
rollover,2583,20,
rollover,2584,7,
rollover,2585,9,
rollover,2586,8,
rollover,2587,6,
rollover,2588,6,
rollover,2589,8,
rollover,2590,7,
rollover,2591,6,
rollover,2592,7,
rollover,2593,7,
rollover,2594,7,
rollover,2595,22,
rollover,2596,6,
rollover,2597,6,
rollover,2598,6,
rollover,2599,6,
rollover,2600,4,
rollover,2601,18,
rollover,2602,6,
rollover,2603,14,
rollover,2604,6,
rollover,2605,7,
rollover,2606,7,
rollover,2607,7,
rollover,2608,12,
rollover,2609,7,
rollover,2610,14,
rollover,2611,18,
rollover,2612,7,
rollover,2613,6,
rollover,2614,6,
rollover,2615,23,
rollover,2616,24,
rollover,2617,8,
rollover,2618,20,
rollover,2619,11,
rollover,2620,6,
rollover,2621,6,
rollover,2622,5,
rollover,2623,14,
rollover,2624,17,
rollover,2625,6,
rollover,2626,5,
rollover,2627,3,
rollover,2628,7,
rollover,2629,7,
rollover,2630,5,
rollover,2631,10,
rollover,2632,23,
rollover,2633,8,
rollover,2634,4,
rollover,2635,19,
rollover,2636,18,
rollover,2637,5,
rollover,2638,11,
rollover,2639,24,
rollover,2640,6,
rollover,2641,6,
rollover,2642,19,
rollover,2643,19,
rollover,2644,6,
rollover,2645,6,
rollover,2646,18,
rollover,2647,6,
rollover,2648,6,
rollover,2649,23,
rollover,2650,15,
rollover,2651,17,
rollover,2652,20,
rollover,2653,6,
rollover,2654,6,
rollover,2655,6,
rollover,2656,24,
rollover,2657,19,
rollover,2658,8,
rollover,2659,6,
rollover,2660,7,
rollover,2661,19,
rollover,2662,7,
rollover,2663,7,
rollover,2664,19,
rollover,2665,5,
rollover,2666,8,
rollover,2667,7,
rollover,2668,41,
rollover,2669,20,
rollover,2670,7,
rollover,2671,8,
rollover,2672,9,
rollover,2673,7,
rollover,2674,7,
rollover,2675,15,
rollover,2676,11,
rollover,2677,7,
rollover,2678,15,
rollover,2679,7,
rollover,2680,7,
rollover,2681,7,
rollover,2682,4,
rollover,2683,7,
rollover,2684,22,
rollover,2685,7,
rollover,2686,14,
rollover,2687,17,
rollover,2688,8,
rollover,2689,5,
rollover,2690,7,
rollover,2691,32,
rollover,2692,7,
rollover,2693,8,
rollover,2694,6,
rollover,2695,5,
rollover,2696,11,
rollover,2697,6,
rollover,2698,19,
rollover,2699,6,
rollover,2700,17,
rollover,2701,13,
rollover,2702,9,
rollover,2703,7,
rollover,2704,7,
rollover,2705,9,
rollover,2706,20,
rollover,2707,5,
rollover,2708,4,
rollover,2709,15,
rollover,2710,5,
rollover,2711,6,
rollover,2712,7,
rollover,2713,12,
rollover,2714,8,
rollover,2715,7,
rollover,2716,9,
rollover,2717,7,
rollover,2718,7,
rollover,2719,3,
rollover,2720,13,
rollover,2721,12,
rollover,2722,24,
rollover,2723,7,
rollover,2724,6,
rollover,2725,7,
rollover,2726,6,
rollover,2727,7,
rollover,2728,25,
rollover,2729,26,
rollover,2730,14,
rollover,2731,7,
rollover,2732,8,
rollover,2733,5,
rollover,2734,6,
rollover,2735,5,
rollover,2736,7,
rollover,2737,18,
rollover,2738,15,
rollover,2739,6,
rollover,2740,10,
rollover,2741,11,
rollover,2742,17,
rollover,2743,11,
rollover,2744,7,
rollover,2745,22,
rollover,2746,6,
rollover,2747,5,
rollover,2748,7,
rollover,2749,9,
rollover,2750,10,
rollover,2751,20,
rollover,2752,22,
rollover,2753,6,
rollover,2754,6,
rollover,2755,4,
rollover,2756,6,
rollover,2757,8,
rollover,2758,8,
rollover,2759,7,
rollover,2760,8,
rollover,2761,6,
rollover,2762,7,
rollover,2763,10,
rollover,2764,4,
rollover,2765,7,
rollover,2766,3,
rollover,2767,9,
rollover,2768,23,
rollover,2769,7,
rollover,2770,13,
rollover,2771,6,
rollover,2772,6,
rollover,2773,20,
rollover,2774,21,
rollover,2775,10,
rollover,2776,7,
rollover,2777,14,
rollover,2778,7,
rollover,2779,5,
rollover,2780,5,
rollover,2781,6,
rollover,2782,11,
rollover,2783,6,
rollover,2784,36,
rollover,2785,25,
rollover,2786,6,
rollover,2787,6,
rollover,2788,10,
rollover,2789,8,
rollover,2790,7,
rollover,2791,16,
rollover,2792,6,
rollover,2793,6,
rollover,2794,10,
rollover,2795,41,
rollover,2796,13,
rollover,2797,6,
rollover,2798,7,
rollover,2799,8,
rollover,2800,7,
rollover,2801,6,
rollover,2802,7,
rollover,2803,7,
rollover,2804,15,
rollover,2805,7,
rollover,2806,7,
rollover,2807,5,
rollover,2808,6,
rollover,2809,20,
rollover,2810,27,
rollover,2811,9,
rollover,2812,9,
rollover,2813,19,
rollover,2814,6,
rollover,2815,9,
rollover,2816,6,
rollover,2817,21,
rollover,2818,13,
rollover,2819,22,
rollover,2820,11,
rollover,2821,6,
rollover,2822,7,
rollover,2823,7,
rollover,2824,6,
rollover,2825,22,
rollover,2826,26,
rollover,2827,19,
rollover,2828,5,
rollover,2829,6,
rollover,2830,11,
rollover,2831,7,
rollover,2832,41,
rollover,2833,8,
rollover,2834,24,
rollover,2835,8,
rollover,2836,6,
rollover,2837,6,
rollover,2838,7,
rollover,2839,8,
rollover,2840,7,
rollover,2841,32,
rollover,2842,8,
rollover,2843,8,
rollover,2844,16,
rollover,2845,16,
rollover,2846,7,
rollover,2847,16,
rollover,2848,8,
rollover,2849,6,
rollover,2850,6,
rollover,2851,10,
rollover,2852,14,
rollover,2853,8,
rollover,2854,7,
rollover,2855,6,
rollover,2856,13,
rollover,2857,13,
rollover,2858,9,
rollover,2859,13,
rollover,2860,8,
rollover,2861,7,
rollover,2862,8,
rollover,2863,10,
rollover,2864,12,
rollover,2865,7,
rollover,2866,7,
rollover,2867,7,
rollover,2868,7,
rollover,2869,7,
rollover,2870,6,
rollover,2871,12,
rollover,2872,12,
rollover,2873,6,
rollover,2874,7,
rollover,2875,12,
rollover,2876,20,
rollover,2877,7,
rollover,2878,4,
rollover,2879,21,
rollover,2880,8,
rollover,2881,6,
rollover,2882,4,
rollover,2883,6,
rollover,2884,10,
rollover,2885,7,
rollover,2886,7,
rollover,2887,7,
rollover,2888,7,
rollover,2889,7,
rollover,2890,5,
rollover,2891,7,
rollover,2892,22,
rollover,2893,6,
rollover,2894,6,
rollover,2895,6,
rollover,2896,7,
rollover,2897,7,
rollover,2898,13,
rollover,2899,7,
rollover,2900,7,
rollover,2901,30,
rollover,2902,6,
rollover,2903,9,
rollover,2904,6,
rollover,2905,7,
rollover,2906,21,
rollover,2907,20,
rollover,2908,7,
rollover,2909,11,
rollover,2910,8,
rollover,2911,7,
rollover,2912,23,
rollover,2913,7,
rollover,2914,22,
rollover,2915,7,
rollover,2916,7,
rollover,2917,6,
rollover,2918,17,
rollover,2919,7,
rollover,2920,5,
rollover,2921,9,
rollover,2922,8,
rollover,2923,9,
rollover,2924,13,
rollover,2925,13,
rollover,2926,25,
rollover,2927,6,
rollover,2928,10,
rollover,2929,6,
rollover,2930,9,
rollover,2931,6,
rollover,2932,6,
rollover,2933,8,
rollover,2934,7,
rollover,2935,7,
rollover,2936,7,
rollover,2937,7,
rollover,2938,7,
rollover,2939,9,
rollover,2940,21,
rollover,2941,20,
rollover,2942,9,
rollover,2943,8,
rollover,2944,6,
rollover,2945,7,
rollover,2946,7,
rollover,2947,21,
rollover,2948,22,
rollover,2949,11,
rollover,2950,7,
rollover,2951,7,
rollover,2952,5,
rollover,2953,8,
rollover,2954,19,
rollover,2955,14,
rollover,2956,25,
rollover,2957,7,
rollover,2958,4,
rollover,2959,8,
rollover,2960,10,
rollover,2961,7,
rollover,2962,12,
rollover,2963,12,
rollover,2964,7,
rollover,2965,6,
rollover,2966,20,
rollover,2967,15,
rollover,2968,7,
rollover,2969,20,
rollover,2970,20,
rollover,2971,7,
rollover,2972,5,
rollover,2973,33,
rollover,2974,5,
rollover,2975,8,
rollover,2976,20,
rollover,2977,7,
rollover,2978,6,
rollover,2979,6,
rollover,2980,7,
rollover,2981,19,
rollover,2982,6,
rollover,2983,7,
rollover,2984,21,
rollover,2985,8,
rollover,2986,6,
rollover,2987,7,
rollover,2988,13,
rollover,2989,18,
rollover,2990,7,
rollover,2991,6,
rollover,2992,15,
rollover,2993,3,
rollover,2994,6,
rollover,2995,7,
rollover,2996,24,
rollover,2997,19,
rollover,2998,9,
rollover,2999,23,
rollover,3000,6,
rollover,3001,5,
rollover,3002,8,
rollover,3003,25,
rollover,3004,21,
rollover,3005,21,
rollover,3006,14,
rollover,3007,28,
rollover,3008,7,
rollover,3009,6,
rollover,3010,11,
rollover,3011,7,
rollover,3012,15,
rollover,3013,12,
rollover,3014,7,
rollover,3015,6,
rollover,3016,6,
rollover,3017,22,
rollover,3018,20,
rollover,3019,5,
rollover,3020,9,
rollover,3021,3,
rollover,3022,5,
rollover,3023,7,
rollover,3024,8,
rollover,3025,10,
rollover,3026,7,
rollover,3027,16,
rollover,3028,6,
rollover,3029,5,
rollover,3030,14,
rollover,3031,7,
rollover,3032,7,
rollover,3033,8,
rollover,3034,14,
rollover,3035,7,
rollover,3036,7,
rollover,3037,22,
rollover,3038,7,
rollover,3039,20,
rollover,3040,12,
rollover,3041,6,
rollover,3042,7,
rollover,3043,8,
rollover,3044,6,
rollover,3045,33,
rollover,3046,6,
rollover,3047,7,
rollover,3048,5,
rollover,3049,6,
rollover,3050,6,
rollover,3051,7,
rollover,3052,14,
rollover,3053,8,
rollover,3054,10,
rollover,3055,6,
rollover,3056,8,
rollover,3057,7,
rollover,3058,7,
rollover,3059,6,
rollover,3060,22,
rollover,3061,7,
rollover,3062,7,
rollover,3063,3,
rollover,3064,7,
rollover,3065,7,
rollover,3066,17,
rollover,3067,7,
rollover,3068,9,
rollover,3069,6,
rollover,3070,6,
rollover,3071,7,
rollover,3072,6,
rollover,3073,7,
rollover,3074,18,
rollover,3075,4,
rollover,3076,29,
rollover,3077,6,
rollover,3078,6,
rollover,3079,23,
rollover,3080,20,
rollover,3081,22,
rollover,3082,5,
rollover,3083,27,
rollover,3084,7,
rollover,3085,9,
rollover,3086,7,
rollover,3087,6,
rollover,3088,6,
rollover,3089,21,
rollover,3090,6,
rollover,3091,6,
rollover,3092,6,
rollover,3093,6,
rollover,3094,14,
rollover,3095,7,
rollover,3096,6,
rollover,3097,9,
rollover,3098,6,
rollover,3099,7,
rollover,3100,7,
rollover,3101,5,
rollover,3102,7,
rollover,3103,17,
rollover,3104,6,
rollover,3105,6,
rollover,3106,21,
rollover,3107,22,
rollover,3108,9,
rollover,3109,23,
rollover,3110,5,
rollover,3111,8,
rollover,3112,7,
rollover,3113,7,
rollover,3114,7,
rollover,3115,7,
rollover,3116,7,
rollover,3117,18,
rollover,3118,21,
rollover,3119,7,
rollover,3120,7,
rollover,3121,23,
rollover,3122,5,
rollover,3123,6,
rollover,3124,12,
rollover,3125,3,
rollover,3126,6,
rollover,3127,5,
rollover,3128,5,
rollover,3129,6,
rollover,3130,7,
rollover,3131,16,
rollover,3132,7,
rollover,3133,7,
rollover,3134,6,
rollover,3135,22,
rollover,3136,5,
rollover,3137,6,
rollover,3138,6,
rollover,3139,6,
rollover,3140,7,
rollover,3141,5,
rollover,3142,6,
rollover,3143,17,
rollover,3144,7,
rollover,3145,6,
rollover,3146,8,
rollover,3147,7,
rollover,3148,8,
rollover,3149,21,
rollover,3150,21,
rollover,3151,16,
rollover,3152,14,
rollover,3153,7,
rollover,3154,6,
rollover,3155,7,
rollover,3156,20,
rollover,3157,7,
rollover,3158,14,
rollover,3159,7,
rollover,3160,6,
rollover,3161,15,
rollover,3162,21,
rollover,3163,20,
rollover,3164,6,
rollover,3165,20,
rollover,3166,7,
rollover,3167,5,
rollover,3168,8,
rollover,3169,34,
rollover,3170,8,
rollover,3171,7,
rollover,3172,7,
rollover,3173,7,
rollover,3174,6,
rollover,3175,7,
rollover,3176,15,
rollover,3177,13,
rollover,3178,14,
rollover,3179,9,
rollover,3180,6,
rollover,3181,6,
rollover,3182,7,
rollover,3183,6,
rollover,3184,7,
rollover,3185,8,
rollover,3186,24,
rollover,3187,20,
rollover,3188,6,
rollover,3189,7,
rollover,3190,6,
rollover,3191,14,
rollover,3192,14,
rollover,3193,5,
rollover,3194,16,
rollover,3195,19,
rollover,3196,7,
rollover,3197,6,
rollover,3198,22,
rollover,3199,21,
rollover,3200,7,
rollover,3201,15,
rollover,3202,29,
rollover,3203,3,
rollover,3204,7,
rollover,3205,6,
rollover,3206,6,
rollover,3207,6,
rollover,3208,7,
rollover,3209,17,
rollover,3210,6,
rollover,3211,7,
rollover,3212,7,
rollover,3213,23,
rollover,3214,6,
rollover,3215,8,
rollover,3216,6,
rollover,3217,7,
rollover,3218,31,
rollover,3219,20,
rollover,3220,7,
rollover,3221,15,
rollover,3222,20,
rollover,3223,22,
rollover,3224,7,
rollover,3225,6,
rollover,3226,6,
rollover,3227,10,
rollover,3228,6,
rollover,3229,7,
rollover,3230,22,
rollover,3231,6,
rollover,3232,11,
rollover,3233,29,
rollover,3234,9,
rollover,3235,7,
rollover,3236,9,
rollover,3237,9,
rollover,3238,6,
rollover,3239,25,
rollover,3240,7,
rollover,3241,23,
rollover,3242,7,
rollover,3243,7,
rollover,3244,7,
rollover,3245,6,
rollover,3246,13,
rollover,3247,7,
rollover,3248,19,
rollover,3249,7,
rollover,3250,6,
rollover,3251,6,
rollover,3252,3,
rollover,3253,8,
rollover,3254,7,
rollover,3255,6,
rollover,3256,7,
rollover,3257,8,
rollover,3258,8,
rollover,3259,9,
rollover,3260,12,
rollover,3261,6,
rollover,3262,13,
rollover,3263,6,
rollover,3264,7,
rollover,3265,11,
rollover,3266,9,
rollover,3267,6,
rollover,3268,37,
rollover,3269,7,
rollover,3270,6,
rollover,3271,6,
rollover,3272,28,
rollover,3273,11,
rollover,3274,17,
rollover,3275,7,
rollover,3276,9,
rollover,3277,7,
rollover,3278,6,
rollover,3279,5,
rollover,3280,6,
rollover,3281,18,
rollover,3282,39,
rollover,3283,10,
rollover,3284,7,
rollover,3285,6,
rollover,3286,7,
rollover,3287,5,
rollover,3288,6,
rollover,3289,12,
rollover,3290,31,
rollover,3291,6,
rollover,3292,8,
rollover,3293,12,
rollover,3294,8,
rollover,3295,9,
rollover,3296,7,
rollover,3297,11,
rollover,3298,6,
rollover,3299,8,
rollover,3300,8,
rollover,3301,14,
rollover,3302,21,
rollover,3303,7,
rollover,3304,7,
rollover,3305,6,
rollover,3306,7,
rollover,3307,5,
rollover,3308,6,
rollover,3309,18,
rollover,3310,42,
rollover,3311,7,
rollover,3312,6,
rollover,3313,11,
rollover,3314,10,
rollover,3315,19,
rollover,3316,6,
rollover,3317,5,
rollover,3318,6,
rollover,3319,7,
rollover,3320,8,
rollover,3321,6,
rollover,3322,8,
rollover,3323,30,
rollover,3324,14,
rollover,3325,8,
rollover,3326,11,
rollover,3327,7,
rollover,3328,7,
rollover,3329,7,
rollover,3330,10,
rollover,3331,9,
rollover,3332,6,
rollover,3333,4,
rollover,3334,8,
rollover,3335,7,
rollover,3336,16,
rollover,3337,6,
rollover,3338,6,
rollover,3339,9,
rollover,3340,7,
rollover,3341,7,
rollover,3342,19,
rollover,3343,6,
rollover,3344,7,
rollover,3345,5,
rollover,3346,6,
rollover,3347,9,
rollover,3348,6,
rollover,3349,17,
rollover,3350,19,
rollover,3351,13,
rollover,3352,7,
rollover,3353,6,
rollover,3354,12,
rollover,3355,4,
rollover,3356,5,
rollover,3357,8,
rollover,3358,10,
rollover,3359,6,
rollover,3360,7,
rollover,3361,20,
rollover,3362,21,
rollover,3363,7,
rollover,3364,13,
rollover,3365,19,
rollover,3366,8,
rollover,3367,8,
rollover,3368,7,
rollover,3369,9,
rollover,3370,11,
rollover,3371,8,
rollover,3372,22,
rollover,3373,18,
rollover,3374,8,
rollover,3375,6,
rollover,3376,6,
rollover,3377,7,
rollover,3378,6,
rollover,3379,8,
rollover,3380,13,
rollover,3381,6,
rollover,3382,7,
rollover,3383,6,
rollover,3384,8,
rollover,3385,6,
rollover,3386,6,
rollover,3387,5,
rollover,3388,7,
rollover,3389,7,
rollover,3390,8,
rollover,3391,8,
rollover,3392,7,
rollover,3393,14,
rollover,3394,6,
rollover,3395,7,
rollover,3396,6,
rollover,3397,7,
rollover,3398,20,
rollover,3399,7,
rollover,3400,21,
rollover,3401,7,
rollover,3402,7,
rollover,3403,14,
rollover,3404,14,
rollover,3405,7,
rollover,3406,21,
rollover,3407,8,
rollover,3408,11,
rollover,3409,7,
rollover,3410,6,
rollover,3411,13,
rollover,3412,10,
rollover,3413,9,
rollover,3414,7,
rollover,3415,7,
rollover,3416,6,
rollover,3417,7,
rollover,3418,7,
rollover,3419,21,
rollover,3420,8,
rollover,3421,7,
rollover,3422,52,
rollover,3423,4,
rollover,3424,6,
rollover,3425,23,
rollover,3426,8,
rollover,3427,6,
rollover,3428,22,
rollover,3429,7,
rollover,3430,5,
rollover,3431,3,
rollover,3432,19,
rollover,3433,11,
rollover,3434,6,
rollover,3435,7,
rollover,3436,6,
rollover,3437,10,
rollover,3438,6,
rollover,3439,6,
rollover,3440,13,
rollover,3441,6,
rollover,3442,8,
rollover,3443,7,
rollover,3444,7,
rollover,3445,4,
rollover,3446,6,
rollover,3447,6,
rollover,3448,6,
rollover,3449,21,
rollover,3450,7,
rollover,3451,7,
rollover,3452,6,
rollover,3453,3,
rollover,3454,8,
rollover,3455,7,
rollover,3456,7,
rollover,3457,7,
rollover,3458,8,
rollover,3459,7,
rollover,3460,5,
rollover,3461,8,
rollover,3462,15,
rollover,3463,12,
rollover,3464,7,
rollover,3465,5,
rollover,3466,7,
rollover,3467,6,
rollover,3468,7,
rollover,3469,13,
rollover,3470,7,
rollover,3471,8,
rollover,3472,21,
rollover,3473,7,
rollover,3474,5,
rollover,3475,6,
rollover,3476,12,
rollover,3477,3,
rollover,3478,24,
rollover,3479,5,
rollover,3480,6,
rollover,3481,7,
rollover,3482,8,
rollover,3483,21,
rollover,3484,16,
rollover,3485,8,
rollover,3486,6,
rollover,3487,5,
rollover,3488,28,
rollover,3489,6,
rollover,3490,14,
rollover,3491,7,
rollover,3492,19,
rollover,3493,6,
rollover,3494,7,
rollover,3495,26,
rollover,3496,24,
rollover,3497,22,
rollover,3498,18,
rollover,3499,7,
rollover,3500,19,
rollover,3501,19,
rollover,3502,7,
rollover,3503,8,
rollover,3504,20,
rollover,3505,7,
rollover,3506,9,
rollover,3507,7,
rollover,3508,6,
rollover,3509,9,
rollover,3510,5,
rollover,3511,12,
rollover,3512,6,
rollover,3513,10,
rollover,3514,7,
rollover,3515,7,
rollover,3516,13,
rollover,3517,6,
rollover,3518,46,
rollover,3519,18,
rollover,3520,7,
rollover,3521,7,
rollover,3522,5,
rollover,3523,20,
rollover,3524,29,
rollover,3525,15,
rollover,3526,8,
rollover,3527,7,
rollover,3528,6,
rollover,3529,15,
rollover,3530,7,
rollover,3531,19,
rollover,3532,7,
rollover,3533,6,
rollover,3534,6,
rollover,3535,7,
rollover,3536,5,
rollover,3537,23,
rollover,3538,6,
rollover,3539,6,
rollover,3540,9,
rollover,3541,3,
rollover,3542,7,
rollover,3543,4,
rollover,3544,15,
rollover,3545,3,
rollover,3546,13,
rollover,3547,6,
rollover,3548,7,
rollover,3549,20,
rollover,3550,13,
rollover,3551,6,
rollover,3552,10,
rollover,3553,21,
rollover,3554,6,
rollover,3555,9,
rollover,3556,9,
rollover,3557,6,
rollover,3558,8,
rollover,3559,13,
rollover,3560,7,
rollover,3561,6,
rollover,3562,6,
rollover,3563,11,
rollover,3564,6,
rollover,3565,7,
rollover,3566,17,
rollover,3567,7,
rollover,3568,8,
rollover,3569,18,
rollover,3570,7,
rollover,3571,7,
rollover,3572,14,
rollover,3573,12,
rollover,3574,31,
rollover,3575,6,
rollover,3576,7,
rollover,3577,6,
rollover,3578,19,
rollover,3579,21,
rollover,3580,20,
rollover,3581,5,
rollover,3582,6,
rollover,3583,4,
rollover,3584,21,
rollover,3585,5,
rollover,3586,9,
rollover,3587,19,
rollover,3588,21,
rollover,3589,7,
rollover,3590,7,
rollover,3591,6,
rollover,3592,23,
rollover,3593,20,
rollover,3594,6,
rollover,3595,7,
rollover,3596,7,
rollover,3597,5,
rollover,3598,16,
rollover,3599,7,
rollover,3600,18,
rollover,3601,7,
rollover,3602,30,
rollover,3603,6,
rollover,3604,7,
rollover,3605,7,
rollover,3606,10,
rollover,3607,8,
rollover,3608,7,
rollover,3609,6,
rollover,3610,6,
rollover,3611,21,
rollover,3612,6,
rollover,3613,6,
rollover,3614,6,
rollover,3615,7,
rollover,3616,6,
rollover,3617,7,
rollover,3618,6,
rollover,3619,7,
rollover,3620,21,
rollover,3621,6,
rollover,3622,20,
rollover,3623,8,
rollover,3624,6,
rollover,3625,6,
rollover,3626,5,
rollover,3627,24,
rollover,3628,22,
rollover,3629,7,
rollover,3630,7,
rollover,3631,8,
rollover,3632,7,
rollover,3633,12,
rollover,3634,17,
rollover,3635,6,
rollover,3636,7,
rollover,3637,7,
rollover,3638,32,
rollover,3639,5,
rollover,3640,7,
rollover,3641,7,
rollover,3642,20,
rollover,3643,7,
rollover,3644,14,
rollover,3645,8,
rollover,3646,6,
rollover,3647,5,
rollover,3648,9,
rollover,3649,12,
rollover,3650,10,
rollover,3651,7,
rollover,3652,10,
rollover,3653,20,
rollover,3654,10,
rollover,3655,6,
rollover,3656,6,
rollover,3657,6,
rollover,3658,6,
rollover,3659,7,
rollover,3660,20,
rollover,3661,12,
rollover,3662,23,
rollover,3663,5,
rollover,3664,8,
rollover,3665,3,
rollover,3666,8,
rollover,3667,7,
rollover,3668,10,
rollover,3669,8,
rollover,3670,8,
rollover,3671,6,
rollover,3672,6,
rollover,3673,5,
rollover,3674,5,
rollover,3675,6,
rollover,3676,5,
rollover,3677,7,
rollover,3678,7,
rollover,3679,6,
rollover,3680,7,
rollover,3681,7,
rollover,3682,24,
rollover,3683,6,
rollover,3684,6,
rollover,3685,7,
rollover,3686,6,
rollover,3687,30,
rollover,3688,22,
rollover,3689,7,
rollover,3690,16,
rollover,3691,7,
rollover,3692,5,
rollover,3693,7,
rollover,3694,9,
rollover,3695,8,
rollover,3696,8,
rollover,3697,7,
rollover,3698,7,
rollover,3699,6,
rollover,3700,4,
rollover,3701,17,
rollover,3702,23,
rollover,3703,13,
rollover,3704,20,
rollover,3705,18,
rollover,3706,6,
rollover,3707,6,
rollover,3708,6,
rollover,3709,5,
rollover,3710,14,
rollover,3711,13,
rollover,3712,5,
rollover,3713,6,
rollover,3714,6,
rollover,3715,13,
rollover,3716,20,
rollover,3717,14,
rollover,3718,11,
rollover,3719,8,
rollover,3720,6,
rollover,3721,6,
rollover,3722,13,
rollover,3723,23,
rollover,3724,7,
rollover,3725,8,
rollover,3726,7,
rollover,3727,20,
rollover,3728,5,
rollover,3729,23,
rollover,3730,7,
rollover,3731,8,
rollover,3732,10,
rollover,3733,7,
rollover,3734,6,
rollover,3735,7,
rollover,3736,7,
rollover,3737,8,
rollover,3738,6,
rollover,3739,24,
rollover,3740,6,
rollover,3741,7,
rollover,3742,6,
rollover,3743,12,
rollover,3744,11,
rollover,3745,19,
rollover,3746,5,
rollover,3747,22,
rollover,3748,6,
rollover,3749,7,
rollover,3750,10,
rollover,3751,18,
rollover,3752,6,
rollover,3753,7,
rollover,3754,8,
rollover,3755,8,
rollover,3756,12,
rollover,3757,8,
rollover,3758,25,
rollover,3759,14,
rollover,3760,14,
rollover,3761,24,
rollover,3762,6,
rollover,3763,9,
rollover,3764,19,
rollover,3765,7,
rollover,3766,7,
rollover,3767,5,
rollover,3768,22,
rollover,3769,6,
rollover,3770,6,
rollover,3771,7,
rollover,3772,7,
rollover,3773,13,
rollover,3774,19,
rollover,3775,15,
rollover,3776,6,
rollover,3777,7,
rollover,3778,23,
rollover,3779,24,
rollover,3780,6,
rollover,3781,8,
rollover,3782,9,
rollover,3783,7,
rollover,3784,9,
rollover,3785,6,
rollover,3786,8,
rollover,3787,7,
rollover,3788,21,
rollover,3789,14,
rollover,3790,6,
rollover,3791,4,
rollover,3792,5,
rollover,3793,8,
rollover,3794,12,
rollover,3795,7,
rollover,3796,23,
rollover,3797,7,
rollover,3798,10,
rollover,3799,6,
rollover,3800,6,
rollover,3801,5,
rollover,3802,24,
rollover,3803,7,
rollover,3804,10,
rollover,3805,7,
rollover,3806,9,
rollover,3807,6,
rollover,3808,8,
rollover,3809,7,
rollover,3810,8,
rollover,3811,7,
rollover,3812,7,
rollover,3813,6,
rollover,3814,12,
rollover,3815,22,
rollover,3816,7,
rollover,3817,6,
rollover,3818,8,
rollover,3819,6,
rollover,3820,18,
rollover,3821,7,
rollover,3822,12,
rollover,3823,7,
rollover,3824,25,
rollover,3825,6,
rollover,3826,10,
rollover,3827,7,
rollover,3828,24,
rollover,3829,22,
rollover,3830,7,
rollover,3831,6,
rollover,3832,6,
rollover,3833,21,
rollover,3834,9,
rollover,3835,7,
rollover,3836,19,
rollover,3837,13,
rollover,3838,25,
rollover,3839,8,
rollover,3840,7,
rollover,3841,21,
rollover,3842,8,
rollover,3843,6,
rollover,3844,7,
rollover,3845,6,
rollover,3846,7,
rollover,3847,11,
rollover,3848,7,
rollover,3849,5,
rollover,3850,13,
rollover,3851,5,
rollover,3852,7,
rollover,3853,6,
rollover,3854,8,
rollover,3855,11,
rollover,3856,7,
rollover,3857,22,
rollover,3858,7,
rollover,3859,7,
rollover,3860,7,
rollover,3861,21,
rollover,3862,11,
rollover,3863,7,
rollover,3864,13,
rollover,3865,17,
rollover,3866,6,
rollover,3867,7,
rollover,3868,34,
rollover,3869,9,
rollover,3870,9,
rollover,3871,7,
rollover,3872,22,
rollover,3873,6,
rollover,3874,9,
rollover,3875,6,
rollover,3876,10,
rollover,3877,8,
rollover,3878,10,
rollover,3879,7,
rollover,3880,6,
rollover,3881,6,
rollover,3882,23,
rollover,3883,6,
rollover,3884,7,
rollover,3885,11,
rollover,3886,7,
rollover,3887,6,
rollover,3888,7,
rollover,3889,29,
rollover,3890,7,
rollover,3891,7,
rollover,3892,13,
rollover,3893,7,
rollover,3894,7,
rollover,3895,6,
rollover,3896,7,
rollover,3897,14,
rollover,3898,13,
rollover,3899,5,
rollover,3900,11,
rollover,3901,7,
rollover,3902,6,
rollover,3903,6,
rollover,3904,21,
rollover,3905,6,
rollover,3906,25,
rollover,3907,6,
rollover,3908,9,
rollover,3909,6,
rollover,3910,7,
rollover,3911,21,
rollover,3912,21,
rollover,3913,14,
rollover,3914,5,
rollover,3915,18,
rollover,3916,3,
rollover,3917,6,
rollover,3918,22,
rollover,3919,15,
rollover,3920,9,
rollover,3921,21,
rollover,3922,13,
rollover,3923,6,
rollover,3924,6,
rollover,3925,27,
rollover,3926,11,
rollover,3927,21,
rollover,3928,22,
rollover,3929,21,
rollover,3930,6,
rollover,3931,7,
rollover,3932,13,
rollover,3933,8,
rollover,3934,11,
rollover,3935,7,
rollover,3936,8,
rollover,3937,6,
rollover,3938,6,
rollover,3939,26,
rollover,3940,14,
rollover,3941,6,
rollover,3942,14,
rollover,3943,7,
rollover,3944,7,
rollover,3945,6,
rollover,3946,8,
rollover,3947,7,
rollover,3948,13,
rollover,3949,6,
rollover,3950,6,
rollover,3951,6,
rollover,3952,6,
rollover,3953,8,
rollover,3954,8,
rollover,3955,20,
rollover,3956,14,
rollover,3957,7,
rollover,3958,6,
rollover,3959,6,
rollover,3960,10,
rollover,3961,11,
rollover,3962,7,
rollover,3963,7,
rollover,3964,7,
rollover,3965,8,
rollover,3966,7,
rollover,3967,7,
rollover,3968,3,
rollover,3969,10,
rollover,3970,6,
rollover,3971,7,
rollover,3972,8,
rollover,3973,36,
rollover,3974,24,
rollover,3975,7,
rollover,3976,14,
rollover,3977,10,
rollover,3978,6,
rollover,3979,7,
rollover,3980,20,
rollover,3981,4,
rollover,3982,17,
rollover,3983,7,
rollover,3984,4,
rollover,3985,7,
rollover,3986,8,
rollover,3987,7,
rollover,3988,10,
rollover,3989,14,
rollover,3990,13,
rollover,3991,6,
rollover,3992,5,
rollover,3993,10,
rollover,3994,36,
rollover,3995,11,
rollover,3996,7,
rollover,3997,9,
rollover,3998,6,
rollover,3999,6,
rollover,4000,4,
rollover,4001,7,
rollover,4002,18,
rollover,4003,10,
rollover,4004,7,
rollover,4005,20,
rollover,4006,7,
rollover,4007,7,
rollover,4008,21,
rollover,4009,11,
rollover,4010,6,
rollover,4011,6,
rollover,4012,6,
rollover,4013,3,
rollover,4014,14,
rollover,4015,7,
rollover,4016,6,
rollover,4017,6,
rollover,4018,6,
rollover,4019,25,
rollover,4020,16,
rollover,4021,32,
rollover,4022,7,
rollover,4023,3,
rollover,4024,12,
rollover,4025,13,
rollover,4026,21,
rollover,4027,7,
rollover,4028,6,
rollover,4029,8,
rollover,4030,20,
rollover,4031,7,
rollover,4032,7,
rollover,4033,15,
rollover,4034,7,
rollover,4035,19,
rollover,4036,6,
rollover,4037,24,
rollover,4038,7,
rollover,4039,14,
rollover,4040,7,
rollover,4041,6,
rollover,4042,7,
rollover,4043,12,
rollover,4044,8,
rollover,4045,15,
rollover,4046,6,
rollover,4047,7,
rollover,4048,6,
rollover,4049,7,
rollover,4050,7,
rollover,4051,23,
rollover,4052,7,
rollover,4053,7,
rollover,4054,7,
rollover,4055,8,
rollover,4056,6,
rollover,4057,10,
rollover,4058,8,
rollover,4059,6,
rollover,4060,6,
rollover,4061,6,
rollover,4062,38,
rollover,4063,19,
rollover,4064,15,
rollover,4065,7,
rollover,4066,21,
rollover,4067,23,
rollover,4068,6,
rollover,4069,6,
rollover,4070,22,
rollover,4071,8,
rollover,4072,12,
rollover,4073,7,
rollover,4074,8,
rollover,4075,7,
rollover,4076,7,
rollover,4077,12,
rollover,4078,20,
rollover,4079,12,
rollover,4080,10,
rollover,4081,8,
rollover,4082,6,
rollover,4083,6,
rollover,4084,8,
rollover,4085,7,
rollover,4086,7,
rollover,4087,13,
rollover,4088,7,
rollover,4089,13,
rollover,4090,7,
rollover,4091,16,
rollover,4092,12,
rollover,4093,22,
rollover,4094,7,
rollover,4095,7,
rollover,4096,6,
rollover,4097,6,
rollover,4098,8,
rollover,4099,6,
rollover,4100,8,
rollover,4101,14,
rollover,4102,12,
rollover,4103,6,
rollover,4104,7,
rollover,4105,13,
rollover,4106,19,
rollover,4107,5,
rollover,4108,9,
rollover,4109,6,
rollover,4110,6,
rollover,4111,19,
rollover,4112,7,
rollover,4113,12,
rollover,4114,6,
rollover,4115,7,
rollover,4116,10,
rollover,4117,8,
rollover,4118,7,
rollover,4119,24,
rollover,4120,7,
rollover,4121,14,
rollover,4122,5,
rollover,4123,7,
rollover,4124,6,
rollover,4125,7,
rollover,4126,22,
rollover,4127,19,
rollover,4128,15,
rollover,4129,6,
rollover,4130,9,
rollover,4131,6,
rollover,4132,10,
rollover,4133,15,
rollover,4134,7,
rollover,4135,16,
rollover,4136,19,
rollover,4137,3,
rollover,4138,7,
rollover,4139,9,
rollover,4140,6,
rollover,4141,14,
rollover,4142,6,
rollover,4143,23,
rollover,4144,8,
rollover,4145,6,
rollover,4146,6,
rollover,4147,7,
rollover,4148,23,
rollover,4149,21,
rollover,4150,15,
rollover,4151,13,
rollover,4152,5,
rollover,4153,6,
rollover,4154,43,
rollover,4155,9,
rollover,4156,8,
rollover,4157,7,
rollover,4158,5,
rollover,4159,7,
rollover,4160,7,
rollover,4161,7,
rollover,4162,7,
rollover,4163,6,
rollover,4164,8,
rollover,4165,7,
rollover,4166,10,
rollover,4167,8,
rollover,4168,19,
rollover,4169,4,
rollover,4170,7,
rollover,4171,7,
rollover,4172,6,
rollover,4173,6,
rollover,4174,8,
rollover,4175,14,
rollover,4176,23,
rollover,4177,8,
rollover,4178,8,
rollover,4179,8,
rollover,4180,5,
rollover,4181,21,
rollover,4182,7,
rollover,4183,18,
rollover,4184,20,
rollover,4185,11,
rollover,4186,6,
rollover,4187,6,
rollover,4188,16,
rollover,4189,13,
rollover,4190,7,
rollover,4191,7,
rollover,4192,7,
rollover,4193,6,
rollover,4194,6,
rollover,4195,14,
rollover,4196,20,
rollover,4197,7,
rollover,4198,20,
rollover,4199,7,
rollover,4200,6,
rollover,4201,7,
rollover,4202,20,
rollover,4203,21,
rollover,4204,7,
rollover,4205,10,
rollover,4206,10,
rollover,4207,6,
rollover,4208,6,
rollover,4209,6,
rollover,4210,7,
rollover,4211,7,
rollover,4212,7,
rollover,4213,7,
rollover,4214,14,
rollover,4215,6,
rollover,4216,6,
rollover,4217,19,
rollover,4218,6,
rollover,4219,8,
rollover,4220,7,
rollover,4221,8,
rollover,4222,23,
rollover,4223,11,
rollover,4224,11,
rollover,4225,7,
rollover,4226,7,
rollover,4227,7,
rollover,4228,6,
rollover,4229,10,
rollover,4230,19,
rollover,4231,4,
rollover,4232,10,
rollover,4233,7,
rollover,4234,6,
rollover,4235,7,
rollover,4236,7,
rollover,4237,21,
rollover,4238,7,
rollover,4239,11,
rollover,4240,7,
rollover,4241,21,
rollover,4242,6,
rollover,4243,6,
rollover,4244,6,
rollover,4245,20,
rollover,4246,6,
rollover,4247,6,
rollover,4248,9,
rollover,4249,5,
rollover,4250,37,
rollover,4251,24,
rollover,4252,7,
rollover,4253,18,
rollover,4254,23,
rollover,4255,7,
rollover,4256,14,
rollover,4257,10,
rollover,4258,7,
rollover,4259,6,
rollover,4260,7,
rollover,4261,6,
rollover,4262,35,
rollover,4263,15,
rollover,4264,5,
rollover,4265,13,
rollover,4266,6,
rollover,4267,5,
rollover,4268,23,
rollover,4269,38,
rollover,4270,15,
rollover,4271,7,
rollover,4272,7,
rollover,4273,5,
rollover,4274,7,
rollover,4275,6,
rollover,4276,23,
rollover,4277,13,
rollover,4278,14,
rollover,4279,9,
rollover,4280,6,
rollover,4281,6,
rollover,4282,19,
rollover,4283,23,
rollover,4284,21,
rollover,4285,6,
rollover,4286,7,
rollover,4287,7,
rollover,4288,15,
rollover,4289,6,
rollover,4290,11,
rollover,4291,22,
rollover,4292,14,
rollover,4293,7,
rollover,4294,6,
rollover,4295,5,
rollover,4296,7,
rollover,4297,23,
rollover,4298,6,
rollover,4299,25,
rollover,4300,5,
rollover,4301,5,
rollover,4302,6,
rollover,4303,16,
rollover,4304,6,
rollover,4305,6,
rollover,4306,14,
rollover,4307,10,
rollover,4308,4,
rollover,4309,6,
rollover,4310,21,
rollover,4311,7,
rollover,4312,11,
rollover,4313,7,
rollover,4314,23,
rollover,4315,7,
rollover,4316,6,
rollover,4317,20,
rollover,4318,6,
rollover,4319,14,
rollover,4320,15,
rollover,4321,7,
rollover,4322,7,
rollover,4323,3,
rollover,4324,21,
rollover,4325,7,
rollover,4326,7,
rollover,4327,7,
rollover,4328,12,
rollover,4329,5,
rollover,4330,15,
rollover,4331,6,
rollover,4332,19,
rollover,4333,22,
rollover,4334,7,
rollover,4335,9,
rollover,4336,14,
rollover,4337,8,
rollover,4338,7,
rollover,4339,6,
rollover,4340,6,
rollover,4341,7,
rollover,4342,9,
rollover,4343,7,
rollover,4344,6,
rollover,4345,7,
rollover,4346,7,
rollover,4347,8,
rollover,4348,18,
rollover,4349,10,
rollover,4350,7,
rollover,4351,5,
rollover,4352,7,
rollover,4353,13,
rollover,4354,7,
rollover,4355,23,
rollover,4356,15,
rollover,4357,21,
rollover,4358,6,
rollover,4359,6,
rollover,4360,14,
rollover,4361,8,
rollover,4362,15,
rollover,4363,22,
rollover,4364,8,
rollover,4365,9,
rollover,4366,7,
rollover,4367,16,
rollover,4368,11,
rollover,4369,7,
rollover,4370,22,
rollover,4371,21,
rollover,4372,7,
rollover,4373,6,
rollover,4374,20,
rollover,4375,7,
rollover,4376,7,
rollover,4377,7,
rollover,4378,7,
rollover,4379,3,
rollover,4380,6,
rollover,4381,12,
rollover,4382,7,
rollover,4383,20,
rollover,4384,7,
rollover,4385,10,
rollover,4386,7,
rollover,4387,3,
rollover,4388,6,
rollover,4389,19,
rollover,4390,20,
rollover,4391,26,
rollover,4392,7,
rollover,4393,6,
rollover,4394,10,
rollover,4395,6,
rollover,4396,8,
rollover,4397,7,
rollover,4398,7,
rollover,4399,24,
rollover,4400,6,
rollover,4401,5,
rollover,4402,21,
rollover,4403,7,
rollover,4404,12,
rollover,4405,9,
rollover,4406,11,
rollover,4407,7,
rollover,4408,7,
rollover,4409,7,
rollover,4410,22,
rollover,4411,22,
rollover,4412,5,
rollover,4413,7,
rollover,4414,6,
rollover,4415,7,
rollover,4416,7,
rollover,4417,7,
rollover,4418,5,
rollover,4419,21,
rollover,4420,12,
rollover,4421,7,
rollover,4422,6,
rollover,4423,3,
rollover,4424,8,
rollover,4425,22,
rollover,4426,25,
rollover,4427,21,
rollover,4428,7,
rollover,4429,3,
rollover,4430,6,
rollover,4431,6,
rollover,4432,16,
rollover,4433,14,
rollover,4434,14,
rollover,4435,6,
rollover,4436,5,
rollover,4437,6,
rollover,4438,23,
rollover,4439,21,
rollover,4440,6,
rollover,4441,7,
rollover,4442,14,
rollover,4443,3,
rollover,4444,5,
rollover,4445,7,
rollover,4446,19,
rollover,4447,9,
rollover,4448,8,
rollover,4449,10,
rollover,4450,6,
rollover,4451,7,
rollover,4452,5,
rollover,4453,10,
rollover,4454,7,
rollover,4455,13,
rollover,4456,7,
rollover,4457,7,
rollover,4458,7,
rollover,4459,7,
rollover,4460,7,
rollover,4461,13,
rollover,4462,23,
rollover,4463,7,
rollover,4464,7,
rollover,4465,7,
rollover,4466,5,
rollover,4467,5,
rollover,4468,26,
rollover,4469,12,
rollover,4470,7,
rollover,4471,6,
rollover,4472,7,
rollover,4473,26,
rollover,4474,16,
rollover,4475,10,
rollover,4476,8,
rollover,4477,6,
rollover,4478,7,
rollover,4479,7,
rollover,4480,21,
rollover,4481,17,
rollover,4482,4,
rollover,4483,6,
rollover,4484,8,
rollover,4485,41,
rollover,4486,11,
rollover,4487,23,
rollover,4488,12,
rollover,4489,7,
rollover,4490,7,
rollover,4491,5,
rollover,4492,6,
rollover,4493,12,
rollover,4494,11,
rollover,4495,13,
rollover,4496,23,
rollover,4497,20,
rollover,4498,14,
rollover,4499,22,
rollover,4500,8,
rollover,4501,7,
rollover,4502,7,
rollover,4503,6,
rollover,4504,17,
rollover,4505,17,
rollover,4506,6,
rollover,4507,17,
rollover,4508,13,
rollover,4509,7,
rollover,4510,6,
rollover,4511,5,
rollover,4512,7,
rollover,4513,7,
rollover,4514,14,
rollover,4515,7,
rollover,4516,25,
rollover,4517,6,
rollover,4518,6,
rollover,4519,40,
rollover,4520,8,
rollover,4521,7,
rollover,4522,8,
rollover,4523,7,
rollover,4524,5,
rollover,4525,8,
rollover,4526,7,
rollover,4527,15,
rollover,4528,22,
rollover,4529,12,
rollover,4530,23,
rollover,4531,6,
rollover,4532,7,
rollover,4533,17,
rollover,4534,7,
rollover,4535,6,
rollover,4536,9,
rollover,4537,7,
rollover,4538,7,
rollover,4539,6,
rollover,4540,6,
rollover,4541,6,
rollover,4542,8,
rollover,4543,21,
rollover,4544,6,
rollover,4545,8,
rollover,4546,9,
rollover,4547,21,
rollover,4548,20,
rollover,4549,19,
rollover,4550,6,
rollover,4551,10,
rollover,4552,24,
rollover,4553,7,
rollover,4554,27,
rollover,4555,22,
rollover,4556,23,
rollover,4557,6,
rollover,4558,7,
rollover,4559,7,
rollover,4560,7,
rollover,4561,49,
rollover,4562,4,
rollover,4563,7,
rollover,4564,7,
rollover,4565,6,
rollover,4566,7,
rollover,4567,7,
rollover,4568,8,
rollover,4569,8,
rollover,4570,7,
rollover,4571,6,
rollover,4572,6,
rollover,4573,18,
rollover,4574,7,
rollover,4575,6,
rollover,4576,11,
rollover,4577,5,
rollover,4578,3,
rollover,4579,10,
rollover,4580,10,
rollover,4581,6,
rollover,4582,15,
rollover,4583,7,
rollover,4584,7,
rollover,4585,5,
rollover,4586,25,
rollover,4587,9,
rollover,4588,7,
rollover,4589,20,
rollover,4590,24,
rollover,4591,7,
rollover,4592,7,
rollover,4593,7,
rollover,4594,22,
rollover,4595,8,
rollover,4596,22,
rollover,4597,6,
rollover,4598,6,
rollover,4599,13,
rollover,4600,7,
rollover,4601,15,
rollover,4602,6,
rollover,4603,18,
rollover,4604,6,
rollover,4605,21,
rollover,4606,8,
rollover,4607,13,
rollover,4608,7,
rollover,4609,25,
rollover,4610,7,
rollover,4611,7,
rollover,4612,21,
rollover,4613,23,
rollover,4614,13,
rollover,4615,21,
rollover,4616,21,
rollover,4617,6,
rollover,4618,6,
rollover,4619,22,
rollover,4620,4,
rollover,4621,6,
rollover,4622,9,
rollover,4623,6,
rollover,4624,7,
rollover,4625,7,
rollover,4626,7,
rollover,4627,14,
rollover,4628,6,
rollover,4629,8,
rollover,4630,7,
rollover,4631,7,
rollover,4632,6,
rollover,4633,6,
rollover,4634,7,
rollover,4635,12,
rollover,4636,10,
rollover,4637,11,
rollover,4638,6,
rollover,4639,7,
rollover,4640,39,
rollover,4641,10,
rollover,4642,8,
rollover,4643,5,
rollover,4644,7,
rollover,4645,7,
rollover,4646,7,
rollover,4647,7,
rollover,4648,22,
rollover,4649,7,
rollover,4650,14,
rollover,4651,7,
rollover,4652,7,
rollover,4653,6,
rollover,4654,6,
rollover,4655,7,
rollover,4656,7,
rollover,4657,9,
rollover,4658,7,
rollover,4659,18,
rollover,4660,6,
rollover,4661,6,
rollover,4662,22,
rollover,4663,16,
rollover,4664,6,
rollover,4665,23,
rollover,4666,7,
rollover,4667,7,
rollover,4668,6,
rollover,4669,6,
rollover,4670,7,
rollover,4671,8,
rollover,4672,15,
rollover,4673,6,
rollover,4674,6,
rollover,4675,10,
rollover,4676,7,
rollover,4677,22,
rollover,4678,20,
rollover,4679,20,
rollover,4680,7,
rollover,4681,6,
rollover,4682,19,
rollover,4683,9,
rollover,4684,12,
rollover,4685,8,
rollover,4686,13,
rollover,4687,13,
rollover,4688,6,
rollover,4689,6,
rollover,4690,7,
rollover,4691,14,
rollover,4692,6,
rollover,4693,8,
rollover,4694,7,
rollover,4695,6,
rollover,4696,6,
rollover,4697,6,
rollover,4698,7,
rollover,4699,17,
rollover,4700,24,
rollover,4701,7,
rollover,4702,13,
rollover,4703,7,
rollover,4704,8,
rollover,4705,8,
rollover,4706,7,
rollover,4707,19,
rollover,4708,6,
rollover,4709,7,
rollover,4710,3,
rollover,4711,8,
rollover,4712,6,
rollover,4713,22,
rollover,4714,7,
rollover,4715,7,
rollover,4716,6,
rollover,4717,6,
rollover,4718,20,
rollover,4719,10,
rollover,4720,8,
rollover,4721,7,
rollover,4722,6,
rollover,4723,21,
rollover,4724,7,
rollover,4725,8,
rollover,4726,8,
rollover,4727,13,
rollover,4728,7,
rollover,4729,8,
rollover,4730,6,
rollover,4731,7,
rollover,4732,9,
rollover,4733,14,
rollover,4734,20,
rollover,4735,31,
rollover,4736,6,
rollover,4737,6,
rollover,4738,21,
rollover,4739,21,
rollover,4740,26,
rollover,4741,6,
rollover,4742,11,
rollover,4743,7,
rollover,4744,6,
rollover,4745,6,
rollover,4746,7,
rollover,4747,12,
rollover,4748,13,
rollover,4749,6,
rollover,4750,8,
rollover,4751,7,
rollover,4752,12,
rollover,4753,23,
rollover,4754,6,
rollover,4755,7,
rollover,4756,6,
rollover,4757,5,
rollover,4758,9,
rollover,4759,7,
rollover,4760,4,
rollover,4761,19,
rollover,4762,7,
rollover,4763,6,
rollover,4764,18,
rollover,4765,7,
rollover,4766,7,
rollover,4767,6,
rollover,4768,13,
rollover,4769,7,
rollover,4770,7,
rollover,4771,4,
rollover,4772,21,
rollover,4773,6,
rollover,4774,6,
rollover,4775,14,
rollover,4776,5,
rollover,4777,14,
rollover,4778,7,
rollover,4779,6,
rollover,4780,7,
rollover,4781,6,
rollover,4782,19,
rollover,4783,7,
rollover,4784,6,
rollover,4785,7,
rollover,4786,10,
rollover,4787,22,
rollover,4788,6,
rollover,4789,7,
rollover,4790,6,
rollover,4791,7,
rollover,4792,7,
rollover,4793,10,
rollover,4794,13,
rollover,4795,7,
rollover,4796,6,
rollover,4797,7,
rollover,4798,6,
rollover,4799,6,
rollover,4800,20,
rollover,4801,6,
rollover,4802,14,
rollover,4803,5,
rollover,4804,6,
rollover,4805,3,
rollover,4806,7,
rollover,4807,13,
rollover,4808,14,
rollover,4809,8,
rollover,4810,28,
rollover,4811,8,
rollover,4812,6,
rollover,4813,20,
rollover,4814,19,
rollover,4815,7,
rollover,4816,7,
rollover,4817,7,
rollover,4818,7,
rollover,4819,6,
rollover,4820,19,
rollover,4821,6,
rollover,4822,7,
rollover,4823,8,
rollover,4824,23,
rollover,4825,9,
rollover,4826,7,
rollover,4827,7,
rollover,4828,8,
rollover,4829,9,
rollover,4830,26,
rollover,4831,7,
rollover,4832,7,
rollover,4833,5,
rollover,4834,9,
rollover,4835,6,
rollover,4836,12,
rollover,4837,10,
rollover,4838,15,
rollover,4839,5,
rollover,4840,6,
rollover,4841,6,
rollover,4842,22,
rollover,4843,11,
rollover,4844,4,
rollover,4845,22,
rollover,4846,6,
rollover,4847,7,
rollover,4848,21,
rollover,4849,20,
rollover,4850,22,
rollover,4851,5,
rollover,4852,8,
rollover,4853,6,
rollover,4854,7,
rollover,4855,7,
rollover,4856,5,
rollover,4857,6,
rollover,4858,12,
rollover,4859,31,
rollover,4860,4,
rollover,4861,6,
rollover,4862,6,
rollover,4863,6,
rollover,4864,8,
rollover,4865,7,
rollover,4866,24,
rollover,4867,7,
rollover,4868,7,
rollover,4869,24,
rollover,4870,13,
rollover,4871,10,
rollover,4872,7,
rollover,4873,14,
rollover,4874,6,
rollover,4875,7,
rollover,4876,8,
rollover,4877,21,
rollover,4878,6,
rollover,4879,7,
rollover,4880,7,
rollover,4881,7,
rollover,4882,6,
rollover,4883,8,
rollover,4884,20,
rollover,4885,16,
rollover,4886,8,
rollover,4887,14,
rollover,4888,7,
rollover,4889,6,
rollover,4890,6,
rollover,4891,19,
rollover,4892,7,
rollover,4893,7,
rollover,4894,9,
rollover,4895,7,
rollover,4896,4,
rollover,4897,6,
rollover,4898,6,
rollover,4899,21,
rollover,4900,22,
rollover,4901,22,
rollover,4902,14,
rollover,4903,7,
rollover,4904,7,
rollover,4905,7,
rollover,4906,9,
rollover,4907,6,
rollover,4908,14,
rollover,4909,7,
rollover,4910,6,
rollover,4911,7,
rollover,4912,7,
rollover,4913,12,
rollover,4914,14,
rollover,4915,18,
rollover,4916,8,
rollover,4917,5,
rollover,4918,9,
rollover,4919,7,
rollover,4920,7,
rollover,4921,11,
rollover,4922,14,
rollover,4923,15,
rollover,4924,14,
rollover,4925,7,
rollover,4926,6,
rollover,4927,8,
rollover,4928,8,
rollover,4929,20,
rollover,4930,9,
rollover,4931,7,
rollover,4932,6,
rollover,4933,21,
rollover,4934,10,
rollover,4935,7,
rollover,4936,7,
rollover,4937,8,
rollover,4938,6,
rollover,4939,7,
rollover,4940,8,
rollover,4941,41,
rollover,4942,12,
rollover,4943,6,
rollover,4944,7,
rollover,4945,7,
rollover,4946,7,
rollover,4947,21,
rollover,4948,7,
rollover,4949,8,
rollover,4950,23,
rollover,4951,20,
rollover,4952,7,
rollover,4953,6,
rollover,4954,4,
rollover,4955,18,
rollover,4956,7,
rollover,4957,6,
rollover,4958,7,
rollover,4959,7,
rollover,4960,6,
rollover,4961,20,
rollover,4962,12,
rollover,4963,6,
rollover,4964,7,
rollover,4965,8,
rollover,4966,6,
rollover,4967,3,
rollover,4968,6,
rollover,4969,7,
rollover,4970,6,
rollover,4971,16,
rollover,4972,30,
rollover,4973,3,
rollover,4974,5,
rollover,4975,7,
rollover,4976,18,
rollover,4977,7,
rollover,4978,6,
rollover,4979,6,
rollover,4980,10,
rollover,4981,6,
rollover,4982,9,
rollover,4983,7,
rollover,4984,14,
rollover,4985,5,
rollover,4986,6,
rollover,4987,6,
rollover,4988,20,
rollover,4989,10,
rollover,4990,13,
rollover,4991,6,
rollover,4992,6,
rollover,4993,6,
rollover,4994,6,
rollover,4995,4,
rollover,4996,24,
rollover,4997,6,
rollover,4998,15,
rollover,4999,10,
rollover,5000,6,
rollover,5001,4,
rollover,5002,6,
rollover,5003,6,
rollover,5004,7,
rollover,5005,10,
rollover,5006,7,
rollover,5007,7,
rollover,5008,6,
rollover,5009,6,
rollover,5010,14,
rollover,5011,17,
rollover,5012,21,
rollover,5013,7,
rollover,5014,6,
rollover,5015,26,
rollover,5016,16,
rollover,5017,15,
rollover,5018,13,
rollover,5019,9,
rollover,5020,6,
rollover,5021,7,
rollover,5022,6,
rollover,5023,12,
rollover,5024,6,
rollover,5025,6,
rollover,5026,6,
rollover,5027,7,
rollover,5028,6,
rollover,5029,7,
rollover,5030,8,
rollover,5031,6,
rollover,5032,6,
rollover,5033,5,
rollover,5034,7,
rollover,5035,21,
rollover,5036,6,
rollover,5037,24,
rollover,5038,13,
rollover,5039,9,
rollover,5040,7,
rollover,5041,7,
rollover,5042,7,
rollover,5043,6,
rollover,5044,7,
rollover,5045,5,
rollover,5046,6,
rollover,5047,7,
rollover,5048,6,
rollover,5049,4,
rollover,5050,7,
rollover,5051,21,
rollover,5052,20,
rollover,5053,6,
rollover,5054,6,
rollover,5055,9,
rollover,5056,8,
rollover,5057,8,
rollover,5058,12,
rollover,5059,14,
rollover,5060,9,
rollover,5061,6,
rollover,5062,14,
rollover,5063,24,
rollover,5064,30,
rollover,5065,17,
rollover,5066,6,
rollover,5067,7,
rollover,5068,9,
rollover,5069,6,
rollover,5070,7,
rollover,5071,13,
rollover,5072,11,
rollover,5073,9,
rollover,5074,20,
rollover,5075,6,
rollover,5076,5,
rollover,5077,6,
rollover,5078,6,
rollover,5079,6,
rollover,5080,14,
rollover,5081,10,
rollover,5082,6,
rollover,5083,7,
rollover,5084,7,
rollover,5085,15,
rollover,5086,7,
rollover,5087,8,
rollover,5088,6,
rollover,5089,6,
rollover,5090,8,
rollover,5091,20,
rollover,5092,6,
rollover,5093,21,
rollover,5094,9,
rollover,5095,8,
rollover,5096,5,
rollover,5097,6,
rollover,5098,11,
rollover,5099,7,
rollover,5100,5,
rollover,5101,8,
rollover,5102,5,
rollover,5103,6,
rollover,5104,19,
rollover,5105,9,
rollover,5106,11,
rollover,5107,16,
rollover,5108,8,
rollover,5109,29,
rollover,5110,3,
rollover,5111,7,
rollover,5112,15,
rollover,5113,9,
rollover,5114,6,
rollover,5115,16,
rollover,5116,7,
rollover,5117,17,
rollover,5118,6,
rollover,5119,7,
rollover,5120,7,
rollover,5121,7,
rollover,5122,7,
rollover,5123,14,
rollover,5124,18,
rollover,5125,13,
rollover,5126,10,
rollover,5127,18,
rollover,5128,23,
rollover,5129,5,
rollover,5130,7,
rollover,5131,6,
rollover,5132,19,
rollover,5133,7,
rollover,5134,9,
rollover,5135,6,
rollover,5136,6,
rollover,5137,6,
rollover,5138,6,
rollover,5139,19,
rollover,5140,6,
rollover,5141,21,
rollover,5142,6,
rollover,5143,19,
rollover,5144,7,
rollover,5145,6,
rollover,5146,9,
rollover,5147,12,
rollover,5148,7,
rollover,5149,6,
rollover,5150,7,
rollover,5151,5,
rollover,5152,8,
rollover,5153,19,
rollover,5154,7,
rollover,5155,6,
rollover,5156,22,
rollover,5157,8,
rollover,5158,6,
rollover,5159,7,
rollover,5160,5,
rollover,5161,7,
rollover,5162,6,
rollover,5163,9,
rollover,5164,7,
rollover,5165,6,
rollover,5166,19,
rollover,5167,11,
rollover,5168,7,
rollover,5169,20,
rollover,5170,6,
rollover,5171,9,
rollover,5172,6,
rollover,5173,7,
rollover,5174,11,
rollover,5175,13,
rollover,5176,12,
rollover,5177,17,
rollover,5178,6,
rollover,5179,7,
rollover,5180,6,
rollover,5181,4,
rollover,5182,6,
rollover,5183,7,
rollover,5184,22,
rollover,5185,6,
rollover,5186,4,
rollover,5187,21,
rollover,5188,23,
rollover,5189,7,
rollover,5190,6,
rollover,5191,7,
rollover,5192,6,
rollover,5193,7,
rollover,5194,6,
rollover,5195,7,
rollover,5196,8,
rollover,5197,9,
rollover,5198,5,
rollover,5199,6,
rollover,5200,14,
rollover,5201,13,
rollover,5202,21,
rollover,5203,22,
rollover,5204,26,
rollover,5205,7,
rollover,5206,6,
rollover,5207,7,
rollover,5208,8,
rollover,5209,8,
rollover,5210,8,
rollover,5211,30,
rollover,5212,6,
rollover,5213,22,
rollover,5214,21,
rollover,5215,22,
rollover,5216,6,
rollover,5217,8,
rollover,5218,6,
rollover,5219,7,
rollover,5220,7,
rollover,5221,7,
rollover,5222,12,
rollover,5223,13,
rollover,5224,5,
rollover,5225,8,
rollover,5226,8,
rollover,5227,8,
rollover,5228,6,
rollover,5229,7,
rollover,5230,6,
rollover,5231,5,
rollover,5232,5,
rollover,5233,16,
rollover,5234,7,
rollover,5235,8,
rollover,5236,14,
rollover,5237,11,
rollover,5238,6,
rollover,5239,6,
rollover,5240,9,
rollover,5241,30,
rollover,5242,13,
rollover,5243,7,
rollover,5244,6,
rollover,5245,7,
rollover,5246,5,
rollover,5247,7,
rollover,5248,7,
rollover,5249,6,
rollover,5250,24,
rollover,5251,6,
rollover,5252,6,
rollover,5253,9,
rollover,5254,7,
rollover,5255,14,
rollover,5256,14,
rollover,5257,7,
rollover,5258,30,
rollover,5259,8,
rollover,5260,7,
rollover,5261,7,
rollover,5262,13,
rollover,5263,10,
rollover,5264,29,
rollover,5265,6,
rollover,5266,6,
rollover,5267,7,
rollover,5268,7,
rollover,5269,6,
rollover,5270,9,
rollover,5271,24,
rollover,5272,5,
rollover,5273,8,
rollover,5274,6,
rollover,5275,10,
rollover,5276,19,
rollover,5277,6,
rollover,5278,16,
rollover,5279,6,
rollover,5280,7,
rollover,5281,8,
rollover,5282,7,
rollover,5283,23,
rollover,5284,21,
rollover,5285,22,
rollover,5286,8,
rollover,5287,6,
rollover,5288,13,
rollover,5289,8,
rollover,5290,7,
rollover,5291,8,
rollover,5292,15,
rollover,5293,3,
rollover,5294,3,
rollover,5295,5,
rollover,5296,19,
rollover,5297,21,
rollover,5298,11,
rollover,5299,6,
rollover,5300,15,
rollover,5301,6,
rollover,5302,6,
rollover,5303,6,
rollover,5304,11,
rollover,5305,9,
rollover,5306,6,
rollover,5307,7,
rollover,5308,6,
rollover,5309,9,
rollover,5310,23,
rollover,5311,6,
rollover,5312,8,
rollover,5313,7,
rollover,5314,5,
rollover,5315,6,
rollover,5316,7,
rollover,5317,7,
rollover,5318,20,
rollover,5319,6,
rollover,5320,7,
rollover,5321,8,
rollover,5322,3,
rollover,5323,13,
rollover,5324,17,
rollover,5325,13,
rollover,5326,10,
rollover,5327,6,
rollover,5328,6,
rollover,5329,6,
rollover,5330,8,
rollover,5331,7,
rollover,5332,7,
rollover,5333,11,
rollover,5334,6,
rollover,5335,7,
rollover,5336,6,
rollover,5337,5,
rollover,5338,7,
rollover,5339,20,
rollover,5340,11,
rollover,5341,20,
rollover,5342,10,
rollover,5343,7,
rollover,5344,10,
rollover,5345,20,
rollover,5346,8,
rollover,5347,20,
rollover,5348,12,
rollover,5349,6,
rollover,5350,7,
rollover,5351,5,
rollover,5352,20,
rollover,5353,7,
rollover,5354,14,
rollover,5355,8,
rollover,5356,6,
rollover,5357,8,
rollover,5358,7,
rollover,5359,6,
rollover,5360,22,
rollover,5361,14,
rollover,5362,7,
rollover,5363,7,
rollover,5364,5,
rollover,5365,7,
rollover,5366,7,
rollover,5367,7,
rollover,5368,7,
rollover,5369,11,
rollover,5370,6,
rollover,5371,7,
rollover,5372,5,
rollover,5373,15,
rollover,5374,15,
rollover,5375,13,
rollover,5376,6,
rollover,5377,6,
rollover,5378,6,
rollover,5379,6,
rollover,5380,6,
rollover,5381,7,
rollover,5382,14,
rollover,5383,13,
rollover,5384,19,
rollover,5385,7,
rollover,5386,20,
rollover,5387,11,
rollover,5388,11,
rollover,5389,7,
rollover,5390,17,
rollover,5391,4,
rollover,5392,6,
rollover,5393,6,
rollover,5394,19,
rollover,5395,7,
rollover,5396,7,
rollover,5397,7,
rollover,5398,22,
rollover,5399,5,
rollover,5400,5,
rollover,5401,7,
rollover,5402,3,
rollover,5403,13,
rollover,5404,21,
rollover,5405,8,
rollover,5406,6,
rollover,5407,7,
rollover,5408,6,
rollover,5409,6,
rollover,5410,6,
rollover,5411,11,
rollover,5412,6,
rollover,5413,7,
rollover,5414,7,
rollover,5415,22,
rollover,5416,6,
rollover,5417,14,
rollover,5418,20,
rollover,5419,7,
rollover,5420,6,
rollover,5421,7,
rollover,5422,6,
rollover,5423,8,
rollover,5424,8,
rollover,5425,7,
rollover,5426,24,
rollover,5427,5,
rollover,5428,3,
rollover,5429,25,
rollover,5430,14,
rollover,5431,7,
rollover,5432,6,
rollover,5433,15,
rollover,5434,6,
rollover,5435,13,
rollover,5436,21,
rollover,5437,9,
rollover,5438,6,
rollover,5439,14,
rollover,5440,10,
rollover,5441,6,
rollover,5442,9,
rollover,5443,22,
rollover,5444,7,
rollover,5445,6,
rollover,5446,8,
rollover,5447,6,
rollover,5448,3,
rollover,5449,9,
rollover,5450,6,
rollover,5451,6,
rollover,5452,21,
rollover,5453,6,
rollover,5454,23,
rollover,5455,4,
rollover,5456,6,
rollover,5457,16,
rollover,5458,6,
rollover,5459,24,
rollover,5460,7,
rollover,5461,8,
rollover,5462,6,
rollover,5463,3,
rollover,5464,7,
rollover,5465,21,
rollover,5466,5,
rollover,5467,10,
rollover,5468,7,
rollover,5469,20,
rollover,5470,5,
rollover,5471,7,
rollover,5472,22,
rollover,5473,7,
rollover,5474,17,
rollover,5475,6,
rollover,5476,5,
rollover,5477,7,
rollover,5478,11,
rollover,5479,17,
rollover,5480,7,
rollover,5481,7,
rollover,5482,6,
rollover,5483,7,
rollover,5484,7,
rollover,5485,16,
rollover,5486,20,
rollover,5487,16,
rollover,5488,7,
rollover,5489,6,
rollover,5490,13,
rollover,5491,7,
rollover,5492,14,
rollover,5493,18,
rollover,5494,6,
rollover,5495,7,
rollover,5496,21,
rollover,5497,5,
rollover,5498,8,
rollover,5499,14,
rollover,5500,7,
rollover,5501,8,
rollover,5502,6,
rollover,5503,13,
rollover,5504,7,
rollover,5505,8,
rollover,5506,12,
rollover,5507,7,
rollover,5508,11,
rollover,5509,6,
rollover,5510,22,
rollover,5511,5,
rollover,5512,39,
rollover,5513,6,
rollover,5514,7,
rollover,5515,11,
rollover,5516,6,
rollover,5517,6,
rollover,5518,15,
rollover,5519,7,
rollover,5520,8,
rollover,5521,7,
rollover,5522,6,
rollover,5523,6,
rollover,5524,9,
rollover,5525,10,
rollover,5526,7,
rollover,5527,13,
rollover,5528,7,
rollover,5529,7,
rollover,5530,6,
rollover,5531,21,
rollover,5532,19,
rollover,5533,10,
rollover,5534,23,
rollover,5535,9,
rollover,5536,6,
rollover,5537,10,
rollover,5538,8,
rollover,5539,7,
rollover,5540,6,
rollover,5541,7,
rollover,5542,6,
rollover,5543,6,
rollover,5544,6,
rollover,5545,13,
rollover,5546,6,
rollover,5547,9,
rollover,5548,21,
rollover,5549,10,
rollover,5550,8,
rollover,5551,24,
rollover,5552,10,
rollover,5553,21,
rollover,5554,15,
rollover,5555,8,
rollover,5556,7,
rollover,5557,6,
rollover,5558,20,
rollover,5559,8,
rollover,5560,15,
rollover,5561,7,
rollover,5562,5,
rollover,5563,7,
rollover,5564,5,
rollover,5565,6,
rollover,5566,7,
rollover,5567,7,
rollover,5568,21,
rollover,5569,7,
rollover,5570,7,
rollover,5571,7,
rollover,5572,3,
rollover,5573,6,
rollover,5574,13,
rollover,5575,7,
rollover,5576,13,
rollover,5577,6,
rollover,5578,7,
rollover,5579,19,
rollover,5580,20,
rollover,5581,21,
rollover,5582,6,
rollover,5583,6,
rollover,5584,5,
rollover,5585,6,
rollover,5586,21,
rollover,5587,7,
rollover,5588,22,
rollover,5589,6,
rollover,5590,14,
rollover,5591,7,
rollover,5592,34,
rollover,5593,10,
rollover,5594,7,
rollover,5595,15,
rollover,5596,16,
rollover,5597,5,
rollover,5598,5,
rollover,5599,7,
rollover,5600,12,
rollover,5601,18,
rollover,5602,8,
rollover,5603,6,
rollover,5604,7,
rollover,5605,8,
rollover,5606,7,
rollover,5607,6,
rollover,5608,7,
rollover,5609,7,
rollover,5610,13,
rollover,5611,6,
rollover,5612,7,
rollover,5613,7,
rollover,5614,15,
rollover,5615,7,
rollover,5616,25,
rollover,5617,10,
rollover,5618,6,
rollover,5619,6,
rollover,5620,7,
rollover,5621,9,
rollover,5622,6,
rollover,5623,6,
rollover,5624,42,
rollover,5625,6,
rollover,5626,6,
rollover,5627,9,
rollover,5628,16,
rollover,5629,42,
rollover,5630,25,
rollover,5631,14,
rollover,5632,7,
rollover,5633,6,
rollover,5634,7,
rollover,5635,7,
rollover,5636,7,
rollover,5637,11,
rollover,5638,46,
rollover,5639,6,
rollover,5640,12,
rollover,5641,7,
rollover,5642,7,
rollover,5643,7,
rollover,5644,13,
rollover,5645,17,
rollover,5646,6,
rollover,5647,6,
rollover,5648,22,
rollover,5649,8,
rollover,5650,20,
rollover,5651,7,
rollover,5652,7,
rollover,5653,18,
rollover,5654,24,
rollover,5655,24,
rollover,5656,15,
rollover,5657,7,
rollover,5658,8,
rollover,5659,10,
rollover,5660,6,
rollover,5661,7,
rollover,5662,7,
rollover,5663,6,
rollover,5664,13,
rollover,5665,7,
rollover,5666,6,
rollover,5667,6,
rollover,5668,6,
rollover,5669,6,
rollover,5670,6,
rollover,5671,20,
rollover,5672,7,
rollover,5673,7,
rollover,5674,6,
rollover,5675,13,
rollover,5676,6,
rollover,5677,11,
rollover,5678,19,
rollover,5679,7,
rollover,5680,10,
rollover,5681,7,
rollover,5682,6,
rollover,5683,7,
rollover,5684,11,
rollover,5685,6,
rollover,5686,20,
rollover,5687,29,
rollover,5688,6,
rollover,5689,6,
rollover,5690,7,
rollover,5691,7,
rollover,5692,8,
rollover,5693,7,
rollover,5694,7,
rollover,5695,5,
rollover,5696,19,
rollover,5697,19,
rollover,5698,8,
rollover,5699,5,
rollover,5700,8,
rollover,5701,12,
rollover,5702,6,
rollover,5703,14,
rollover,5704,7,
rollover,5705,7,
rollover,5706,7,
rollover,5707,8,
rollover,5708,9,
rollover,5709,6,
rollover,5710,7,
rollover,5711,7,
rollover,5712,10,
rollover,5713,7,
rollover,5714,20,
rollover,5715,7,
rollover,5716,6,
rollover,5717,13,
rollover,5718,7,
rollover,5719,21,
rollover,5720,12,
rollover,5721,12,
rollover,5722,7,
rollover,5723,6,
rollover,5724,6,
rollover,5725,6,
rollover,5726,23,
rollover,5727,13,
rollover,5728,14,
rollover,5729,20,
rollover,5730,7,
rollover,5731,6,
rollover,5732,7,
rollover,5733,6,
rollover,5734,17,
rollover,5735,7,
rollover,5736,15,
rollover,5737,6,
rollover,5738,7,
rollover,5739,6,
rollover,5740,18,
rollover,5741,10,
rollover,5742,23,
rollover,5743,7,
rollover,5744,15,
rollover,5745,6,
rollover,5746,7,
rollover,5747,33,
rollover,5748,7,
rollover,5749,6,
rollover,5750,5,
rollover,5751,11,
rollover,5752,13,
rollover,5753,7,
rollover,5754,12,
rollover,5755,6,
rollover,5756,5,
rollover,5757,3,
rollover,5758,6,
rollover,5759,12,
rollover,5760,14,
rollover,5761,6,
rollover,5762,7,
rollover,5763,7,
rollover,5764,7,
rollover,5765,7,
rollover,5766,6,
rollover,5767,7,
rollover,5768,7,
rollover,5769,14,
rollover,5770,20,
rollover,5771,5,
rollover,5772,7,
rollover,5773,20,
rollover,5774,23,
rollover,5775,22,
rollover,5776,12,
rollover,5777,5,
rollover,5778,5,
rollover,5779,7,
rollover,5780,9,
rollover,5781,7,
rollover,5782,4,
rollover,5783,7,
rollover,5784,24,
rollover,5785,6,
rollover,5786,6,
rollover,5787,17,
rollover,5788,21,
rollover,5789,16,
rollover,5790,14,
rollover,5791,12,
rollover,5792,6,
rollover,5793,6,
rollover,5794,22,
rollover,5795,15,
rollover,5796,14,
rollover,5797,15,
rollover,5798,7,
rollover,5799,6,
rollover,5800,6,
rollover,5801,21,
rollover,5802,10,
rollover,5803,7,
rollover,5804,7,
rollover,5805,15,
rollover,5806,8,
rollover,5807,9,
rollover,5808,21,
rollover,5809,9,
rollover,5810,7,
rollover,5811,18,
rollover,5812,12,
rollover,5813,6,
rollover,5814,20,
rollover,5815,7,
rollover,5816,22,
rollover,5817,20,
rollover,5818,9,
rollover,5819,15,
rollover,5820,7,
rollover,5821,7,
rollover,5822,6,
rollover,5823,22,
rollover,5824,7,
rollover,5825,18,
rollover,5826,19,
rollover,5827,14,
rollover,5828,6,
rollover,5829,4,
rollover,5830,13,
rollover,5831,8,
rollover,5832,6,
rollover,5833,6,
rollover,5834,3,
rollover,5835,8,
rollover,5836,6,
rollover,5837,17,
rollover,5838,7,
rollover,5839,7,
rollover,5840,8,
rollover,5841,7,
rollover,5842,10,
rollover,5843,8,
rollover,5844,21,
rollover,5845,8,
rollover,5846,6,
rollover,5847,10,
rollover,5848,6,
rollover,5849,8,
rollover,5850,6,
rollover,5851,21,
rollover,5852,8,
rollover,5853,6,
rollover,5854,3,
rollover,5855,7,
rollover,5856,6,
rollover,5857,5,
rollover,5858,6,
rollover,5859,6,
rollover,5860,9,
rollover,5861,5,
rollover,5862,7,
rollover,5863,10,
rollover,5864,20,
rollover,5865,8,
rollover,5866,7,
rollover,5867,19,
rollover,5868,7,
rollover,5869,7,
rollover,5870,20,
rollover,5871,5,
rollover,5872,5,
rollover,5873,7,
rollover,5874,20,
rollover,5875,6,
rollover,5876,6,
rollover,5877,5,
rollover,5878,15,
rollover,5879,7,
rollover,5880,6,
rollover,5881,20,
rollover,5882,5,
rollover,5883,9,
rollover,5884,11,
rollover,5885,11,
rollover,5886,18,
rollover,5887,21,
rollover,5888,19,
rollover,5889,6,
rollover,5890,8,
rollover,5891,6,
rollover,5892,18,
rollover,5893,7,
rollover,5894,7,
rollover,5895,7,
rollover,5896,6,
rollover,5897,6,
rollover,5898,6,
rollover,5899,9,
rollover,5900,7,
rollover,5901,6,
rollover,5902,21,
rollover,5903,6,
rollover,5904,5,
rollover,5905,8,
rollover,5906,9,
rollover,5907,7,
rollover,5908,5,
rollover,5909,8,
rollover,5910,13,
rollover,5911,13,
rollover,5912,6,
rollover,5913,7,
rollover,5914,5,
rollover,5915,3,
rollover,5916,6,
rollover,5917,6,
rollover,5918,20,
rollover,5919,20,
rollover,5920,20,
rollover,5921,6,
rollover,5922,6,
rollover,5923,6,
rollover,5924,10,
rollover,5925,6,
rollover,5926,21,
rollover,5927,17,
rollover,5928,24,
rollover,5929,26,
rollover,5930,6,
rollover,5931,20,
rollover,5932,23,
rollover,5933,17,
rollover,5934,7,
rollover,5935,8,
rollover,5936,7,
rollover,5937,7,
rollover,5938,6,
rollover,5939,13,
rollover,5940,10,
rollover,5941,8,
rollover,5942,15,
rollover,5943,6,
rollover,5944,9,
rollover,5945,6,
rollover,5946,21,
rollover,5947,7,
rollover,5948,23,
rollover,5949,21,
rollover,5950,11,
rollover,5951,6,
rollover,5952,8,
rollover,5953,7,
rollover,5954,20,
rollover,5955,21,
rollover,5956,6,
rollover,5957,6,
rollover,5958,6,
rollover,5959,6,
rollover,5960,7,
rollover,5961,22,
rollover,5962,24,
rollover,5963,5,
rollover,5964,21,
rollover,5965,7,
rollover,5966,7,
rollover,5967,7,
rollover,5968,6,
rollover,5969,7,
rollover,5970,10,
rollover,5971,9,
rollover,5972,7,
rollover,5973,6,
rollover,5974,7,
rollover,5975,7,
rollover,5976,7,
rollover,5977,7,
rollover,5978,8,
rollover,5979,7,
rollover,5980,6,
rollover,5981,6,
rollover,5982,6,
rollover,5983,19,
rollover,5984,5,
rollover,5985,6,
rollover,5986,7,
rollover,5987,7,
rollover,5988,6,
rollover,5989,16,
rollover,5990,6,
rollover,5991,14,
rollover,5992,9,
rollover,5993,5,
rollover,5994,12,
rollover,5995,18,
rollover,5996,20,
rollover,5997,22,
rollover,5998,6,
rollover,5999,9,
rollover,6000,6,
rollover,6001,8,
rollover,6002,15,
rollover,6003,20,
rollover,6004,12,
rollover,6005,15,
rollover,6006,6,
rollover,6007,6,
rollover,6008,5,
rollover,6009,7,
rollover,6010,22,
rollover,6011,7,
rollover,6012,31,
rollover,6013,7,
rollover,6014,6,
rollover,6015,15,
rollover,6016,8,
rollover,6017,21,
rollover,6018,20,
rollover,6019,9,
rollover,6020,6,
rollover,6021,7,
rollover,6022,7,
rollover,6023,7,
rollover,6024,17,
rollover,6025,22,
rollover,6026,7,
rollover,6027,7,
rollover,6028,6,
rollover,6029,24,
rollover,6030,22,
rollover,6031,21,
rollover,6032,14,
rollover,6033,8,
rollover,6034,6,
rollover,6035,9,
rollover,6036,7,
rollover,6037,7,
rollover,6038,7,
rollover,6039,13,
rollover,6040,6,
rollover,6041,6,
rollover,6042,6,
rollover,6043,6,
rollover,6044,6,
rollover,6045,21,
rollover,6046,6,
rollover,6047,11,
rollover,6048,7,
rollover,6049,7,
rollover,6050,6,
rollover,6051,10,
rollover,6052,6,
rollover,6053,21,
rollover,6054,6,
rollover,6055,6,
rollover,6056,20,
rollover,6057,11,
rollover,6058,11,
rollover,6059,10,
rollover,6060,17,
rollover,6061,7,
rollover,6062,6,
rollover,6063,23,
rollover,6064,7,
rollover,6065,10,
rollover,6066,7,
rollover,6067,32,
rollover,6068,6,
rollover,6069,7,
rollover,6070,10,
rollover,6071,20,
rollover,6072,9,
rollover,6073,5,
rollover,6074,7,
rollover,6075,6,
rollover,6076,7,
rollover,6077,13,
rollover,6078,7,
rollover,6079,7,
rollover,6080,21,
rollover,6081,22,
rollover,6082,20,
rollover,6083,18,
rollover,6084,6,
rollover,6085,10,
rollover,6086,7,
rollover,6087,19,
rollover,6088,6,
rollover,6089,6,
rollover,6090,7,
rollover,6091,9,
rollover,6092,17,
rollover,6093,14,
rollover,6094,6,
rollover,6095,11,
rollover,6096,9,
rollover,6097,6,
rollover,6098,6,
rollover,6099,20,
rollover,6100,8,
rollover,6101,7,
rollover,6102,3,
rollover,6103,6,
rollover,6104,21,
rollover,6105,6,
rollover,6106,6,
rollover,6107,9,
rollover,6108,16,
rollover,6109,9,
rollover,6110,8,
rollover,6111,11,
rollover,6112,7,
rollover,6113,8,
rollover,6114,7,
rollover,6115,7,
rollover,6116,7,
rollover,6117,6,
rollover,6118,5,
rollover,6119,13,
rollover,6120,5,
rollover,6121,19,
rollover,6122,6,
rollover,6123,6,
rollover,6124,21,
rollover,6125,20,
rollover,6126,9,
rollover,6127,10,
rollover,6128,8,
rollover,6129,7,
rollover,6130,8,
rollover,6131,6,
rollover,6132,8,
rollover,6133,20,
rollover,6134,12,
rollover,6135,8,
rollover,6136,14,
rollover,6137,5,
rollover,6138,7,
rollover,6139,7,
rollover,6140,8,
rollover,6141,9,
rollover,6142,10,
rollover,6143,9,
rollover,6144,6,
rollover,6145,7,
rollover,6146,21,
rollover,6147,11,
rollover,6148,6,
rollover,6149,7,
rollover,6150,8,
rollover,6151,7,
rollover,6152,7,
rollover,6153,23,
rollover,6154,6,
rollover,6155,6,
rollover,6156,6,
rollover,6157,25,
rollover,6158,6,
rollover,6159,4,
rollover,6160,15,
rollover,6161,7,
rollover,6162,20,
rollover,6163,7,
rollover,6164,7,
rollover,6165,6,
rollover,6166,6,
rollover,6167,7,
rollover,6168,7,
rollover,6169,8,
rollover,6170,8,
rollover,6171,7,
rollover,6172,16,
rollover,6173,20,
rollover,6174,7,
rollover,6175,19,
rollover,6176,11,
rollover,6177,21,
rollover,6178,7,
rollover,6179,6,
rollover,6180,15,
rollover,6181,6,
rollover,6182,9,
rollover,6183,13,
rollover,6184,14,
rollover,6185,8,
rollover,6186,7,
rollover,6187,7,
rollover,6188,9,
rollover,6189,7,
rollover,6190,7,
rollover,6191,22,
rollover,6192,21,
rollover,6193,6,
rollover,6194,6,
rollover,6195,5,
rollover,6196,11,
rollover,6197,8,
rollover,6198,12,
rollover,6199,6,
rollover,6200,6,
rollover,6201,14,
rollover,6202,6,
rollover,6203,22,
rollover,6204,17,
rollover,6205,22,
rollover,6206,23,
rollover,6207,7,
rollover,6208,7,
rollover,6209,7,
rollover,6210,7,
rollover,6211,22,
rollover,6212,8,
rollover,6213,7,
rollover,6214,5,
rollover,6215,7,
rollover,6216,19,
rollover,6217,6,
rollover,6218,6,
rollover,6219,5,
rollover,6220,7,
rollover,6221,6,
rollover,6222,7,
rollover,6223,6,
rollover,6224,18,
rollover,6225,7,
rollover,6226,7,
rollover,6227,5,
rollover,6228,7,
rollover,6229,7,
rollover,6230,21,
rollover,6231,6,
rollover,6232,14,
rollover,6233,7,
rollover,6234,6,
rollover,6235,21,
rollover,6236,22,
rollover,6237,7,
rollover,6238,5,
rollover,6239,21,
rollover,6240,7,
rollover,6241,6,
rollover,6242,19,
rollover,6243,7,
rollover,6244,20,
rollover,6245,7,
rollover,6246,8,
rollover,6247,7,
rollover,6248,11,
rollover,6249,8,
rollover,6250,21,
rollover,6251,10,
rollover,6252,5,
rollover,6253,7,
rollover,6254,14,
rollover,6255,6,
rollover,6256,5,
rollover,6257,6,
rollover,6258,15,
rollover,6259,6,
rollover,6260,3,
rollover,6261,5,
rollover,6262,22,
rollover,6263,20,
rollover,6264,5,
rollover,6265,8,
rollover,6266,6,
rollover,6267,6,
rollover,6268,7,
rollover,6269,6,
rollover,6270,17,
rollover,6271,7,
rollover,6272,14,
rollover,6273,5,
rollover,6274,7,
rollover,6275,9,
rollover,6276,24,
rollover,6277,6,
rollover,6278,6,
rollover,6279,10,
rollover,6280,6,
rollover,6281,6,
rollover,6282,7,
rollover,6283,9,
rollover,6284,10,
rollover,6285,23,
rollover,6286,6,
rollover,6287,7,
rollover,6288,19,
rollover,6289,7,
rollover,6290,6,
rollover,6291,7,
rollover,6292,6,
rollover,6293,22,
rollover,6294,11,
rollover,6295,23,
rollover,6296,20,
rollover,6297,23,
rollover,6298,7,
rollover,6299,8,
rollover,6300,8,
rollover,6301,7,
rollover,6302,6,
rollover,6303,7,
rollover,6304,22,
rollover,6305,10,
rollover,6306,7,
rollover,6307,9,
rollover,6308,20,
rollover,6309,10,
rollover,6310,23,
rollover,6311,18,
rollover,6312,11,
rollover,6313,7,
rollover,6314,8,
rollover,6315,7,
rollover,6316,23,
rollover,6317,7,
rollover,6318,7,
rollover,6319,19,
rollover,6320,7,
rollover,6321,17,
rollover,6322,6,
rollover,6323,16,
rollover,6324,7,
rollover,6325,21,
rollover,6326,7,
rollover,6327,22,
rollover,6328,6,
rollover,6329,6,
rollover,6330,7,
rollover,6331,7,
rollover,6332,22,
rollover,6333,5,
rollover,6334,9,
rollover,6335,6,
rollover,6336,6,
rollover,6337,7,
rollover,6338,11,
rollover,6339,5,
rollover,6340,12,
rollover,6341,7,
rollover,6342,6,
rollover,6343,6,
rollover,6344,7,
rollover,6345,24,
rollover,6346,6,
rollover,6347,14,
rollover,6348,8,
rollover,6349,6,
rollover,6350,9,
rollover,6351,24,
rollover,6352,6,
rollover,6353,9,
rollover,6354,6,
rollover,6355,7,
rollover,6356,10,
rollover,6357,7,
rollover,6358,9,
rollover,6359,21,
rollover,6360,6,
rollover,6361,20,
rollover,6362,8,
rollover,6363,25,
rollover,6364,7,
rollover,6365,23,
rollover,6366,8,
rollover,6367,14,
rollover,6368,22,
rollover,6369,6,
rollover,6370,6,
rollover,6371,21,
rollover,6372,6,
rollover,6373,5,
rollover,6374,7,
rollover,6375,18,
rollover,6376,7,
rollover,6377,6,
rollover,6378,20,
rollover,6379,10,
rollover,6380,21,
rollover,6381,16,
rollover,6382,19,
rollover,6383,6,
rollover,6384,9,
rollover,6385,7,
rollover,6386,5,
rollover,6387,7,
rollover,6388,10,
rollover,6389,21,
rollover,6390,7,
rollover,6391,7,
rollover,6392,7,
rollover,6393,10,
rollover,6394,7,
rollover,6395,6,
rollover,6396,6,
rollover,6397,7,
rollover,6398,6,
rollover,6399,9,
rollover,6400,22,
rollover,6401,7,
rollover,6402,22,
rollover,6403,5,
rollover,6404,5,
rollover,6405,7,
rollover,6406,6,
rollover,6407,6,
rollover,6408,7,
rollover,6409,7,
rollover,6410,6,
rollover,6411,7,
rollover,6412,11,
rollover,6413,10,
rollover,6414,19,
rollover,6415,9,
rollover,6416,9,
rollover,6417,7,
rollover,6418,5,
rollover,6419,14,
rollover,6420,7,
rollover,6421,16,
rollover,6422,7,
rollover,6423,7,
rollover,6424,15,
rollover,6425,21,
rollover,6426,21,
rollover,6427,5,
rollover,6428,23,
rollover,6429,7,
rollover,6430,6,
rollover,6431,6,
rollover,6432,22,
rollover,6433,10,
rollover,6434,6,
rollover,6435,14,
rollover,6436,19,
rollover,6437,6,
rollover,6438,6,
rollover,6439,7,
rollover,6440,7,
rollover,6441,8,
rollover,6442,5,
rollover,6443,6,
rollover,6444,9,
rollover,6445,5,
rollover,6446,10,
rollover,6447,9,
rollover,6448,20,
rollover,6449,6,
rollover,6450,7,
rollover,6451,11,
rollover,6452,6,
rollover,6453,6,
rollover,6454,16,
rollover,6455,6,
rollover,6456,22,
rollover,6457,8,
rollover,6458,7,
rollover,6459,9,
rollover,6460,6,
rollover,6461,20,
rollover,6462,7,
rollover,6463,6,
rollover,6464,8,
rollover,6465,10,
rollover,6466,9,
rollover,6467,19,
rollover,6468,20,
rollover,6469,12,
rollover,6470,6,
rollover,6471,15,
rollover,6472,9,
rollover,6473,8,
rollover,6474,24,
rollover,6475,7,
rollover,6476,6,
rollover,6477,6,
rollover,6478,6,
rollover,6479,7,
rollover,6480,13,
rollover,6481,12,
rollover,6482,38,
rollover,6483,4,
rollover,6484,31,
rollover,6485,7,
rollover,6486,8,
rollover,6487,7,
rollover,6488,22,
rollover,6489,5,
rollover,6490,7,
rollover,6491,7,
rollover,6492,19,
rollover,6493,8,
rollover,6494,7,
rollover,6495,14,
rollover,6496,7,
rollover,6497,6,
rollover,6498,13,
rollover,6499,15,
rollover,6500,7,
rollover,6501,7,
rollover,6502,14,
rollover,6503,7,
rollover,6504,6,
rollover,6505,6,
rollover,6506,22,
rollover,6507,23,
rollover,6508,7,
rollover,6509,19,
rollover,6510,29,
rollover,6511,5,
rollover,6512,5,
rollover,6513,16,
rollover,6514,14,
rollover,6515,23,
rollover,6516,21,
rollover,6517,3,
rollover,6518,6,
rollover,6519,6,
rollover,6520,20,
rollover,6521,7,
rollover,6522,21,
rollover,6523,7,
rollover,6524,7,
rollover,6525,6,
rollover,6526,6,
rollover,6527,23,
rollover,6528,7,
rollover,6529,20,
rollover,6530,8,
rollover,6531,16,
rollover,6532,5,
rollover,6533,18,
rollover,6534,7,
rollover,6535,7,
rollover,6536,5,
rollover,6537,6,
rollover,6538,7,
rollover,6539,5,
rollover,6540,6,
rollover,6541,7,
rollover,6542,20,
rollover,6543,5,
rollover,6544,6,
rollover,6545,3,
rollover,6546,5,
rollover,6547,13,
rollover,6548,6,
rollover,6549,7,
rollover,6550,7,
rollover,6551,4,
rollover,6552,9,
rollover,6553,7,
rollover,6554,6,
rollover,6555,6,
rollover,6556,20,
rollover,6557,6,
rollover,6558,7,
rollover,6559,6,
rollover,6560,6,
rollover,6561,19,
rollover,6562,8,
rollover,6563,7,
rollover,6564,6,
rollover,6565,6,
rollover,6566,7,
rollover,6567,8,
rollover,6568,7,
rollover,6569,7,
rollover,6570,5,
rollover,6571,8,
rollover,6572,7,
rollover,6573,7,
rollover,6574,11,
rollover,6575,7,
rollover,6576,6,
rollover,6577,6,
rollover,6578,8,
rollover,6579,33,
rollover,6580,20,
rollover,6581,6,
rollover,6582,22,
rollover,6583,7,
rollover,6584,5,
rollover,6585,8,
rollover,6586,6,
rollover,6587,21,
rollover,6588,20,
rollover,6589,8,
rollover,6590,21,
rollover,6591,7,
rollover,6592,4,
rollover,6593,10,
rollover,6594,10,
rollover,6595,7,
rollover,6596,17,
rollover,6597,7,
rollover,6598,7,
rollover,6599,9,
rollover,6600,7,
rollover,6601,6,
rollover,6602,23,
rollover,6603,21,
rollover,6604,21,
rollover,6605,6,
rollover,6606,3,
rollover,6607,20,
rollover,6608,7,
rollover,6609,9,
rollover,6610,6,
rollover,6611,12,
rollover,6612,7,
rollover,6613,28,
rollover,6614,8,
rollover,6615,24,
rollover,6616,7,
rollover,6617,7,
rollover,6618,7,
rollover,6619,9,
rollover,6620,22,
rollover,6621,20,
rollover,6622,7,
rollover,6623,5,
rollover,6624,10,
rollover,6625,6,
rollover,6626,7,
rollover,6627,7,
rollover,6628,22,
rollover,6629,11,
rollover,6630,5,
rollover,6631,4,
rollover,6632,15,
rollover,6633,5,
rollover,6634,7,
rollover,6635,9,
rollover,6636,24,
rollover,6637,20,
rollover,6638,12,
rollover,6639,5,
rollover,6640,7,
rollover,6641,23,
rollover,6642,10,
rollover,6643,20,
rollover,6644,12,
rollover,6645,6,
rollover,6646,7,
rollover,6647,10,
rollover,6648,17,
rollover,6649,7,
rollover,6650,23,
rollover,6651,6,
rollover,6652,18,
rollover,6653,7,
rollover,6654,6,
rollover,6655,3,
rollover,6656,6,
rollover,6657,9,
rollover,6658,7,
rollover,6659,8,
rollover,6660,6,
rollover,6661,7,
rollover,6662,33,
rollover,6663,6,
rollover,6664,7,
rollover,6665,7,
rollover,6666,6,
rollover,6667,7,
rollover,6668,5,
rollover,6669,16,
rollover,6670,7,
rollover,6671,7,
rollover,6672,27,
rollover,6673,20,
rollover,6674,5,
rollover,6675,13,
rollover,6676,12,
rollover,6677,10,
rollover,6678,6,
rollover,6679,11,
rollover,6680,7,
rollover,6681,7,
rollover,6682,7,
rollover,6683,9,
rollover,6684,23,
rollover,6685,21,
rollover,6686,6,
rollover,6687,7,
rollover,6688,4,
rollover,6689,8,
rollover,6690,6,
rollover,6691,12,
rollover,6692,48,
rollover,6693,14,
rollover,6694,6,
rollover,6695,7,
rollover,6696,6,
rollover,6697,10,
rollover,6698,12,
rollover,6699,24,
rollover,6700,7,
rollover,6701,21,
rollover,6702,14,
rollover,6703,15,
rollover,6704,16,
rollover,6705,20,
rollover,6706,16,
rollover,6707,6,
rollover,6708,5,
rollover,6709,10,
rollover,6710,7,
rollover,6711,6,
rollover,6712,6,
rollover,6713,5,
rollover,6714,5,
rollover,6715,7,
rollover,6716,8,
rollover,6717,6,
rollover,6718,7,
rollover,6719,21,
rollover,6720,6,
rollover,6721,6,
rollover,6722,10,
rollover,6723,6,
rollover,6724,22,
rollover,6725,21,
rollover,6726,9,
rollover,6727,10,
rollover,6728,14,
rollover,6729,11,
rollover,6730,5,
rollover,6731,21,
rollover,6732,7,
rollover,6733,7,
rollover,6734,6,
rollover,6735,22,
rollover,6736,7,
rollover,6737,6,
rollover,6738,18,
rollover,6739,6,
rollover,6740,6,
rollover,6741,8,
rollover,6742,23,
rollover,6743,8,
rollover,6744,5,
rollover,6745,6,
rollover,6746,22,
rollover,6747,6,
rollover,6748,6,
rollover,6749,21,
rollover,6750,13,
rollover,6751,7,
rollover,6752,7,
rollover,6753,15,
rollover,6754,8,
rollover,6755,7,
rollover,6756,19,
rollover,6757,20,
rollover,6758,7,
rollover,6759,9,
rollover,6760,14,
rollover,6761,3,
rollover,6762,9,
rollover,6763,19,
rollover,6764,21,
rollover,6765,21,
rollover,6766,20,
rollover,6767,11,
rollover,6768,6,
rollover,6769,6,
rollover,6770,24,
rollover,6771,6,
rollover,6772,22,
rollover,6773,21,
rollover,6774,20,
rollover,6775,6,
rollover,6776,6,
rollover,6777,6,
rollover,6778,16,
rollover,6779,9,
rollover,6780,12,
rollover,6781,15,
rollover,6782,8,
rollover,6783,7,
rollover,6784,7,
rollover,6785,15,
rollover,6786,21,
rollover,6787,8,
rollover,6788,5,
rollover,6789,18,
rollover,6790,6,
rollover,6791,6,
rollover,6792,23,
rollover,6793,6,
rollover,6794,19,
rollover,6795,8,
rollover,6796,6,
rollover,6797,6,
rollover,6798,5,
rollover,6799,21,
rollover,6800,9,
rollover,6801,8,
rollover,6802,6,
rollover,6803,12,
rollover,6804,7,
rollover,6805,6,
rollover,6806,7,
rollover,6807,6,
rollover,6808,25,
rollover,6809,7,
rollover,6810,7,
rollover,6811,7,
rollover,6812,7,
rollover,6813,21,
rollover,6814,10,
rollover,6815,8,
rollover,6816,21,
rollover,6817,13,
rollover,6818,7,
rollover,6819,5,
rollover,6820,6,
rollover,6821,7,
rollover,6822,7,
rollover,6823,6,
rollover,6824,21,
rollover,6825,7,
rollover,6826,7,
rollover,6827,8,
rollover,6828,7,
rollover,6829,8,
rollover,6830,17,
rollover,6831,7,
rollover,6832,6,
rollover,6833,5,
rollover,6834,3,
rollover,6835,6,
rollover,6836,15,
rollover,6837,14,
rollover,6838,14,
rollover,6839,10,
rollover,6840,6,
rollover,6841,7,
rollover,6842,5,
rollover,6843,7,
rollover,6844,10,
rollover,6845,12,
rollover,6846,23,
rollover,6847,8,
rollover,6848,8,
rollover,6849,6,
rollover,6850,31,
rollover,6851,6,
rollover,6852,17,
rollover,6853,6,
rollover,6854,6,
rollover,6855,7,
rollover,6856,6,
rollover,6857,13,
rollover,6858,21,
rollover,6859,19,
rollover,6860,7,
rollover,6861,21,
rollover,6862,8,
rollover,6863,6,
rollover,6864,6,
rollover,6865,6,
rollover,6866,23,
rollover,6867,6,
rollover,6868,7,
rollover,6869,8,
rollover,6870,21,
rollover,6871,7,
rollover,6872,7,
rollover,6873,19,
rollover,6874,7,
rollover,6875,6,
rollover,6876,5,
rollover,6877,6,
rollover,6878,9,
rollover,6879,8,
rollover,6880,7,
rollover,6881,6,
rollover,6882,7,
rollover,6883,7,
rollover,6884,6,
rollover,6885,6,
rollover,6886,11,
rollover,6887,13,
rollover,6888,16,
rollover,6889,9,
rollover,6890,6,
rollover,6891,3,
rollover,6892,8,
rollover,6893,7,
rollover,6894,6,
rollover,6895,11,
rollover,6896,8,
rollover,6897,7,
rollover,6898,7,
rollover,6899,20,
rollover,6900,7,
rollover,6901,7,
rollover,6902,15,
rollover,6903,7,
rollover,6904,7,
rollover,6905,6,
rollover,6906,6,
rollover,6907,7,
rollover,6908,22,
rollover,6909,23,
rollover,6910,7,
rollover,6911,7,
rollover,6912,7,
rollover,6913,15,
rollover,6914,7,
rollover,6915,20,
rollover,6916,22,
rollover,6917,6,
rollover,6918,15,
rollover,6919,6,
rollover,6920,7,
rollover,6921,8,
rollover,6922,7,
rollover,6923,8,
rollover,6924,7,
rollover,6925,3,
rollover,6926,15,
rollover,6927,9,
rollover,6928,6,
rollover,6929,7,
rollover,6930,7,
rollover,6931,6,
rollover,6932,7,
rollover,6933,7,
rollover,6934,23,
rollover,6935,20,
rollover,6936,13,
rollover,6937,10,
rollover,6938,11,
rollover,6939,6,
rollover,6940,6,
rollover,6941,11,
rollover,6942,9,
rollover,6943,14,
rollover,6944,7,
rollover,6945,7,
rollover,6946,7,
rollover,6947,7,
rollover,6948,20,
rollover,6949,21,
rollover,6950,7,
rollover,6951,6,
rollover,6952,7,
rollover,6953,6,
rollover,6954,5,
rollover,6955,6,
rollover,6956,11,
rollover,6957,19,
rollover,6958,12,
rollover,6959,6,
rollover,6960,7,
rollover,6961,7,
rollover,6962,7,
rollover,6963,7,
rollover,6964,6,
rollover,6965,6,
rollover,6966,5,
rollover,6967,5,
rollover,6968,6,
rollover,6969,8,
rollover,6970,16,
rollover,6971,7,
rollover,6972,6,
rollover,6973,5,
rollover,6974,7,
rollover,6975,10,
rollover,6976,20,
rollover,6977,6,
rollover,6978,15,
rollover,6979,7,
rollover,6980,8,
rollover,6981,7,
rollover,6982,20,
rollover,6983,18,
rollover,6984,6,
rollover,6985,7,
rollover,6986,11,
rollover,6987,6,
rollover,6988,6,
rollover,6989,7,
rollover,6990,7,
rollover,6991,22,
rollover,6992,7,
rollover,6993,8,
rollover,6994,5,
rollover,6995,6,
rollover,6996,6,
rollover,6997,20,
rollover,6998,7,
rollover,6999,9,
rollover,7000,6,
rollover,7001,6,
rollover,7002,19,
rollover,7003,24,
rollover,7004,7,
rollover,7005,7,
rollover,7006,6,
rollover,7007,20,
rollover,7008,20,
rollover,7009,9,
rollover,7010,22,
rollover,7011,18,
rollover,7012,5,
rollover,7013,7,
rollover,7014,7,
rollover,7015,16,
rollover,7016,10,
rollover,7017,7,
rollover,7018,7,
rollover,7019,7,
rollover,7020,6,
rollover,7021,9,
rollover,7022,7,
rollover,7023,7,
rollover,7024,5,
rollover,7025,7,
rollover,7026,6,
rollover,7027,6,
rollover,7028,10,
rollover,7029,6,
rollover,7030,6,
rollover,7031,8,
rollover,7032,14,
rollover,7033,7,
rollover,7034,6,
rollover,7035,4,
rollover,7036,21,
rollover,7037,8,
rollover,7038,4,
rollover,7039,6,
rollover,7040,6,
rollover,7041,6,
rollover,7042,6,
rollover,7043,7,
rollover,7044,9,
rollover,7045,21,
rollover,7046,5,
rollover,7047,5,
rollover,7048,7,
rollover,7049,6,
rollover,7050,7,
rollover,7051,7,
rollover,7052,20,
rollover,7053,13,
rollover,7054,10,
rollover,7055,6,
rollover,7056,14,
rollover,7057,9,
rollover,7058,7,
rollover,7059,17,
rollover,7060,14,
rollover,7061,7,
rollover,7062,7,
rollover,7063,14,
rollover,7064,18,
rollover,7065,19,
rollover,7066,7,
rollover,7067,7,
rollover,7068,8,
rollover,7069,7,
rollover,7070,7,
rollover,7071,10,
rollover,7072,9,
rollover,7073,22,
rollover,7074,20,
rollover,7075,14,
rollover,7076,9,
rollover,7077,20,
rollover,7078,6,
rollover,7079,8,
rollover,7080,19,
rollover,7081,18,
rollover,7082,7,
rollover,7083,7,
rollover,7084,7,
rollover,7085,7,
rollover,7086,6,
rollover,7087,15,
rollover,7088,7,
rollover,7089,6,
rollover,7090,8,
rollover,7091,21,
rollover,7092,7,
rollover,7093,18,
rollover,7094,22,
rollover,7095,6,
rollover,7096,5,
rollover,7097,7,
rollover,7098,12,
rollover,7099,8,
rollover,7100,7,
rollover,7101,6,
rollover,7102,8,
rollover,7103,8,
rollover,7104,8,
rollover,7105,17,
rollover,7106,6,
rollover,7107,4,
rollover,7108,20,
rollover,7109,6,
rollover,7110,6,
rollover,7111,8,
rollover,7112,14,
rollover,7113,9,
rollover,7114,22,
rollover,7115,7,
rollover,7116,7,
rollover,7117,7,
rollover,7118,21,
rollover,7119,7,
rollover,7120,23,
rollover,7121,5,
rollover,7122,10,
rollover,7123,6,
rollover,7124,7,
rollover,7125,7,
rollover,7126,10,
rollover,7127,8,
rollover,7128,24,
rollover,7129,7,
rollover,7130,6,
rollover,7131,6,
rollover,7132,37,
rollover,7133,13,
rollover,7134,20,
rollover,7135,7,
rollover,7136,10,
rollover,7137,6,
rollover,7138,6,
rollover,7139,24,
rollover,7140,7,
rollover,7141,7,
rollover,7142,6,
rollover,7143,7,
rollover,7144,5,
rollover,7145,6,
rollover,7146,6,
rollover,7147,7,
rollover,7148,15,
rollover,7149,18,
rollover,7150,19,
rollover,7151,19,
rollover,7152,7,
rollover,7153,6,
rollover,7154,7,
rollover,7155,12,
rollover,7156,8,
rollover,7157,6,
rollover,7158,9,
rollover,7159,6,
rollover,7160,21,
rollover,7161,18,
rollover,7162,6,
rollover,7163,14,
rollover,7164,6,
rollover,7165,20,
rollover,7166,7,
rollover,7167,7,
rollover,7168,7,
rollover,7169,21,
rollover,7170,6,
rollover,7171,7,
rollover,7172,7,
rollover,7173,7,
rollover,7174,6,
rollover,7175,6,
rollover,7176,21,
rollover,7177,6,
rollover,7178,6,
rollover,7179,6,
rollover,7180,7,
rollover,7181,8,
rollover,7182,7,
rollover,7183,6,
rollover,7184,21,
rollover,7185,20,
rollover,7186,7,
rollover,7187,6,
rollover,7188,86,
rollover,7189,7,
rollover,7190,7,
rollover,7191,6,
rollover,7192,5,
rollover,7193,6,
rollover,7194,7,
rollover,7195,7,
rollover,7196,16,
rollover,7197,10,
rollover,7198,7,
rollover,7199,8,
rollover,7200,6,
rollover,7201,6,
rollover,7202,7,
rollover,7203,11,
rollover,7204,7,
rollover,7205,14,
rollover,7206,7,
rollover,7207,7,
rollover,7208,6,
rollover,7209,7,
rollover,7210,8,
rollover,7211,18,
rollover,7212,6,
rollover,7213,7,
rollover,7214,6,
rollover,7215,42,
rollover,7216,20,
rollover,7217,15,
rollover,7218,10,
rollover,7219,6,
rollover,7220,6,
rollover,7221,14,
rollover,7222,8,
rollover,7223,7,
rollover,7224,24,
rollover,7225,7,
rollover,7226,9,
rollover,7227,9,
rollover,7228,6,
rollover,7229,12,
rollover,7230,19,
rollover,7231,7,
rollover,7232,13,
rollover,7233,7,
rollover,7234,3,
rollover,7235,6,
rollover,7236,5,
rollover,7237,11,
rollover,7238,9,
rollover,7239,8,
rollover,7240,7,
rollover,7241,7,
rollover,7242,7,
rollover,7243,22,
rollover,7244,19,
rollover,7245,6,
rollover,7246,7,
rollover,7247,28,
rollover,7248,6,
rollover,7249,7,
rollover,7250,7,
rollover,7251,7,
rollover,7252,20,
rollover,7253,8,
rollover,7254,7,
rollover,7255,7,
rollover,7256,7,
rollover,7257,7,
rollover,7258,12,
rollover,7259,19,
rollover,7260,34,
rollover,7261,6,
rollover,7262,10,
rollover,7263,22,
rollover,7264,7,
rollover,7265,7,
rollover,7266,13,
rollover,7267,6,
rollover,7268,6,
rollover,7269,6,
rollover,7270,7,
rollover,7271,7,
rollover,7272,21,
rollover,7273,7,
rollover,7274,6,
rollover,7275,7,
rollover,7276,7,
rollover,7277,7,
rollover,7278,6,
rollover,7279,7,
rollover,7280,14,
rollover,7281,10,
rollover,7282,7,
rollover,7283,8,
rollover,7284,14,
rollover,7285,7,
rollover,7286,13,
rollover,7287,12,
rollover,7288,5,
rollover,7289,7,
rollover,7290,12,
rollover,7291,6,
rollover,7292,5,
rollover,7293,11,
rollover,7294,9,
rollover,7295,7,
rollover,7296,10,
rollover,7297,10,
rollover,7298,12,
rollover,7299,22,
rollover,7300,7,
rollover,7301,7,
rollover,7302,5,
rollover,7303,9,
rollover,7304,20,
rollover,7305,13,
rollover,7306,7,
rollover,7307,20,
rollover,7308,7,
rollover,7309,9,
rollover,7310,20,
rollover,7311,16,
rollover,7312,12,
rollover,7313,7,
rollover,7314,15,
rollover,7315,6,
rollover,7316,7,
rollover,7317,8,
rollover,7318,18,
rollover,7319,20,
rollover,7320,18,
rollover,7321,16,
rollover,7322,36,
rollover,7323,8,
rollover,7324,7,
rollover,7325,19,
rollover,7326,8,
rollover,7327,15,
rollover,7328,9,
rollover,7329,7,
rollover,7330,5,
rollover,7331,8,
rollover,7332,16,
rollover,7333,8,
rollover,7334,8,
rollover,7335,10,
rollover,7336,6,
rollover,7337,10,
rollover,7338,17,
rollover,7339,22,
rollover,7340,8,
rollover,7341,8,
rollover,7342,7,
rollover,7343,3,
rollover,7344,6,
rollover,7345,8,
rollover,7346,22,
rollover,7347,10,
rollover,7348,7,
rollover,7349,19,
rollover,7350,4,
rollover,7351,9,
rollover,7352,7,
rollover,7353,7,
rollover,7354,4,
rollover,7355,20,
rollover,7356,7,
rollover,7357,6,
rollover,7358,6,
rollover,7359,8,
rollover,7360,22,
rollover,7361,22,
rollover,7362,18,
rollover,7363,10,
rollover,7364,6,
rollover,7365,21,
rollover,7366,7,
rollover,7367,13,
rollover,7368,6,
rollover,7369,18,
rollover,7370,6,
rollover,7371,6,
rollover,7372,6,
rollover,7373,19,
rollover,7374,7,
rollover,7375,22,
rollover,7376,7,
rollover,7377,7,
rollover,7378,7,
rollover,7379,7,
rollover,7380,10,
rollover,7381,7,
rollover,7382,6,
rollover,7383,3,
rollover,7384,7,
rollover,7385,19,
rollover,7386,6,
rollover,7387,7,
rollover,7388,20,
rollover,7389,7,
rollover,7390,6,
rollover,7391,6,
rollover,7392,21,
rollover,7393,8,
rollover,7394,5,
rollover,7395,7,
rollover,7396,7,
rollover,7397,6,
rollover,7398,8,
rollover,7399,7,
rollover,7400,21,
rollover,7401,6,
rollover,7402,7,
rollover,7403,6,
rollover,7404,7,
rollover,7405,6,
rollover,7406,8,
rollover,7407,25,
rollover,7408,9,
rollover,7409,8,
rollover,7410,6,
rollover,7411,4,
rollover,7412,7,
rollover,7413,19,
rollover,7414,20,
rollover,7415,6,
rollover,7416,17,
rollover,7417,7,
rollover,7418,6,
rollover,7419,6,
rollover,7420,7,
rollover,7421,5,
rollover,7422,22,
rollover,7423,7,
rollover,7424,6,
rollover,7425,15,
rollover,7426,7,
rollover,7427,6,
rollover,7428,7,
rollover,7429,10,
rollover,7430,6,
rollover,7431,5,
rollover,7432,14,
rollover,7433,15,
rollover,7434,14,
rollover,7435,6,
rollover,7436,13,
rollover,7437,6,
rollover,7438,5,
rollover,7439,6,
rollover,7440,9,
rollover,7441,7,
rollover,7442,20,
rollover,7443,6,
rollover,7444,6,
rollover,7445,7,
rollover,7446,6,
rollover,7447,19,
rollover,7448,19,
rollover,7449,6,
rollover,7450,7,
rollover,7451,9,
rollover,7452,7,
rollover,7453,20,
rollover,7454,7,
rollover,7455,22,
rollover,7456,10,
rollover,7457,6,
rollover,7458,5,
rollover,7459,7,
rollover,7460,7,
rollover,7461,7,
rollover,7462,5,
rollover,7463,8,
rollover,7464,7,
rollover,7465,3,
rollover,7466,9,
rollover,7467,8,
rollover,7468,7,
rollover,7469,6,
rollover,7470,7,
rollover,7471,7,
rollover,7472,6,
rollover,7473,8,
rollover,7474,10,
rollover,7475,7,
rollover,7476,6,
rollover,7477,16,
rollover,7478,5,
rollover,7479,5,
rollover,7480,6,
rollover,7481,6,
rollover,7482,8,
rollover,7483,9,
rollover,7484,22,
rollover,7485,5,
rollover,7486,6,
rollover,7487,13,
rollover,7488,7,
rollover,7489,13,
rollover,7490,23,
rollover,7491,6,
rollover,7492,8,
rollover,7493,5,
rollover,7494,11,
rollover,7495,8,
rollover,7496,6,
rollover,7497,21,
rollover,7498,6,
rollover,7499,3,
rollover,7500,17,
rollover,7501,14,
rollover,7502,21,
rollover,7503,17,
rollover,7504,5,
rollover,7505,7,
rollover,7506,5,
rollover,7507,7,
rollover,7508,7,
rollover,7509,10,
rollover,7510,13,
rollover,7511,11,
rollover,7512,6,
rollover,7513,6,
rollover,7514,10,
rollover,7515,8,
rollover,7516,8,
rollover,7517,9,
rollover,7518,7,
rollover,7519,8,
rollover,7520,6,
rollover,7521,6,
rollover,7522,16,
rollover,7523,7,
rollover,7524,10,
rollover,7525,19,
rollover,7526,6,
rollover,7527,7,
rollover,7528,15,
rollover,7529,19,
rollover,7530,21,
rollover,7531,11,
rollover,7532,9,
rollover,7533,11,
rollover,7534,6,
rollover,7535,7,
rollover,7536,13,
rollover,7537,22,
rollover,7538,12,
rollover,7539,19,
rollover,7540,6,
rollover,7541,6,
rollover,7542,5,
rollover,7543,7,
rollover,7544,7,
rollover,7545,5,
rollover,7546,15,
rollover,7547,7,
rollover,7548,6,
rollover,7549,7,
rollover,7550,27,
rollover,7551,6,
rollover,7552,13,
rollover,7553,21,
rollover,7554,6,
rollover,7555,7,
rollover,7556,6,
rollover,7557,21,
rollover,7558,6,
rollover,7559,8,
rollover,7560,9,
rollover,7561,5,
rollover,7562,14,
rollover,7563,6,
rollover,7564,7,
rollover,7565,22,
rollover,7566,7,
rollover,7567,22,
rollover,7568,15,
rollover,7569,6,
rollover,7570,6,
rollover,7571,14,
rollover,7572,7,
rollover,7573,15,
rollover,7574,7,
rollover,7575,7,
rollover,7576,6,
rollover,7577,8,
rollover,7578,12,
rollover,7579,6,
rollover,7580,23,
rollover,7581,22,
rollover,7582,14,
rollover,7583,7,
rollover,7584,10,
rollover,7585,13,
rollover,7586,7,
rollover,7587,8,
rollover,7588,6,
rollover,7589,11,
rollover,7590,5,
rollover,7591,6,
rollover,7592,6,
rollover,7593,12,
rollover,7594,8,
rollover,7595,32,
rollover,7596,6,
rollover,7597,7,
rollover,7598,17,
rollover,7599,9,
rollover,7600,15,
rollover,7601,21,
rollover,7602,20,
rollover,7603,12,
rollover,7604,6,
rollover,7605,19,
rollover,7606,14,
rollover,7607,7,
rollover,7608,10,
rollover,7609,7,
rollover,7610,7,
rollover,7611,6,
rollover,7612,12,
rollover,7613,7,
rollover,7614,7,
rollover,7615,7,
rollover,7616,6,
rollover,7617,6,
rollover,7618,7,
rollover,7619,21,
rollover,7620,15,
rollover,7621,8,
rollover,7622,12,
rollover,7623,6,
rollover,7624,6,
rollover,7625,12,
rollover,7626,19,
rollover,7627,5,
rollover,7628,19,
rollover,7629,7,
rollover,7630,6,
rollover,7631,7,
rollover,7632,8,
rollover,7633,7,
rollover,7634,8,
rollover,7635,20,
rollover,7636,7,
rollover,7637,6,
rollover,7638,5,
rollover,7639,22,
rollover,7640,21,
rollover,7641,7,
rollover,7642,6,
rollover,7643,23,
rollover,7644,7,
rollover,7645,6,
rollover,7646,11,
rollover,7647,27,
rollover,7648,7,
rollover,7649,7,
rollover,7650,26,
rollover,7651,7,
rollover,7652,6,
rollover,7653,6,
rollover,7654,6,
rollover,7655,6,
rollover,7656,25,
rollover,7657,6,
rollover,7658,7,
rollover,7659,6,
rollover,7660,17,
rollover,7661,14,
rollover,7662,9,
rollover,7663,7,
rollover,7664,9,
rollover,7665,6,
rollover,7666,6,
rollover,7667,11,
rollover,7668,19,
rollover,7669,19,
rollover,7670,7,
rollover,7671,7,
rollover,7672,7,
rollover,7673,6,
rollover,7674,7,
rollover,7675,8,
rollover,7676,9,
rollover,7677,7,
rollover,7678,21,
rollover,7679,7,
rollover,7680,6,
rollover,7681,6,
rollover,7682,9,
rollover,7683,13,
rollover,7684,5,
rollover,7685,7,
rollover,7686,7,
rollover,7687,6,
rollover,7688,20,
rollover,7689,8,
rollover,7690,6,
rollover,7691,6,
rollover,7692,9,
rollover,7693,7,
rollover,7694,7,
rollover,7695,14,
rollover,7696,6,
rollover,7697,20,
rollover,7698,8,
rollover,7699,22,
rollover,7700,7,
rollover,7701,7,
rollover,7702,6,
rollover,7703,7,
rollover,7704,7,
rollover,7705,20,
rollover,7706,8,
rollover,7707,6,
rollover,7708,8,
rollover,7709,6,
rollover,7710,24,
rollover,7711,7,
rollover,7712,8,
rollover,7713,6,
rollover,7714,7,
rollover,7715,7,
rollover,7716,9,
rollover,7717,33,
rollover,7718,7,
rollover,7719,7,
rollover,7720,7,
rollover,7721,32,
rollover,7722,7,
rollover,7723,7,
rollover,7724,7,
rollover,7725,6,
rollover,7726,21,
rollover,7727,18,
rollover,7728,7,
rollover,7729,6,
rollover,7730,6,
rollover,7731,6,
rollover,7732,7,
rollover,7733,5,
rollover,7734,15,
rollover,7735,8,
rollover,7736,8,
rollover,7737,9,
rollover,7738,7,
rollover,7739,20,
rollover,7740,6,
rollover,7741,6,
rollover,7742,7,
rollover,7743,8,
rollover,7744,11,
rollover,7745,18,
rollover,7746,21,
rollover,7747,22,
rollover,7748,6,
rollover,7749,7,
rollover,7750,4,
rollover,7751,6,
rollover,7752,6,
rollover,7753,7,
rollover,7754,5,
rollover,7755,16,
rollover,7756,6,
rollover,7757,6,
rollover,7758,12,
rollover,7759,5,
rollover,7760,22,
rollover,7761,8,
rollover,7762,8,
rollover,7763,6,
rollover,7764,7,
rollover,7765,10,
rollover,7766,7,
rollover,7767,20,
rollover,7768,16,
rollover,7769,19,
rollover,7770,8,
rollover,7771,7,
rollover,7772,6,
rollover,7773,7,
rollover,7774,11,
rollover,7775,6,
rollover,7776,7,
rollover,7777,10,
rollover,7778,5,
rollover,7779,8,
rollover,7780,13,
rollover,7781,5,
rollover,7782,7,
rollover,7783,21,
rollover,7784,6,
rollover,7785,8,
rollover,7786,7,
rollover,7787,7,
rollover,7788,14,
rollover,7789,7,
rollover,7790,6,
rollover,7791,7,
rollover,7792,7,
rollover,7793,6,
rollover,7794,5,
rollover,7795,7,
rollover,7796,24,
rollover,7797,5,
rollover,7798,6,
rollover,7799,9,
rollover,7800,19,
rollover,7801,23,
rollover,7802,13,
rollover,7803,7,
rollover,7804,7,
rollover,7805,7,
rollover,7806,6,
rollover,7807,6,
rollover,7808,20,
rollover,7809,8,
rollover,7810,21,
rollover,7811,7,
rollover,7812,6,
rollover,7813,24,
rollover,7814,7,
rollover,7815,6,
rollover,7816,7,
rollover,7817,8,
rollover,7818,7,
rollover,7819,5,
rollover,7820,7,
rollover,7821,6,
rollover,7822,11,
rollover,7823,6,
rollover,7824,5,
rollover,7825,7,
rollover,7826,7,
rollover,7827,15,
rollover,7828,6,
rollover,7829,20,
rollover,7830,7,
rollover,7831,6,
rollover,7832,6,
rollover,7833,11,
rollover,7834,8,
rollover,7835,10,
rollover,7836,7,
rollover,7837,8,
rollover,7838,6,
rollover,7839,8,
rollover,7840,20,
rollover,7841,7,
rollover,7842,23,
rollover,7843,7,
rollover,7844,6,
rollover,7845,17,
rollover,7846,6,
rollover,7847,7,
rollover,7848,7,
rollover,7849,15,
rollover,7850,6,
rollover,7851,6,
rollover,7852,7,
rollover,7853,19,
rollover,7854,7,
rollover,7855,13,
rollover,7856,6,
rollover,7857,7,
rollover,7858,9,
rollover,7859,6,
rollover,7860,6,
rollover,7861,5,
rollover,7862,10,
rollover,7863,6,
rollover,7864,15,
rollover,7865,11,
rollover,7866,6,
rollover,7867,11,
rollover,7868,7,
rollover,7869,7,
rollover,7870,6,
rollover,7871,6,
rollover,7872,9,
rollover,7873,20,
rollover,7874,7,
rollover,7875,21,
rollover,7876,10,
rollover,7877,6,
rollover,7878,7,
rollover,7879,14,
rollover,7880,13,
rollover,7881,7,
rollover,7882,21,
rollover,7883,11,
rollover,7884,6,
rollover,7885,8,
rollover,7886,6,
rollover,7887,6,
rollover,7888,6,
rollover,7889,21,
rollover,7890,7,
rollover,7891,6,
rollover,7892,6,
rollover,7893,7,
rollover,7894,6,
rollover,7895,6,
rollover,7896,6,
rollover,7897,20,
rollover,7898,8,
rollover,7899,7,
rollover,7900,8,
rollover,7901,13,
rollover,7902,8,
rollover,7903,8,
rollover,7904,11,
rollover,7905,6,
rollover,7906,6,
rollover,7907,7,
rollover,7908,9,
rollover,7909,20,
rollover,7910,18,
rollover,7911,21,
rollover,7912,8,
rollover,7913,7,
rollover,7914,8,
rollover,7915,10,
rollover,7916,6,
rollover,7917,21,
rollover,7918,24,
rollover,7919,6,
rollover,7920,7,
rollover,7921,8,
rollover,7922,18,
rollover,7923,18,
rollover,7924,14,
rollover,7925,28,
rollover,7926,6,
rollover,7927,7,
rollover,7928,17,
rollover,7929,8,
rollover,7930,6,
rollover,7931,7,
rollover,7932,7,
rollover,7933,7,
rollover,7934,4,
rollover,7935,9,
rollover,7936,15,
rollover,7937,9,
rollover,7938,31,
rollover,7939,6,
rollover,7940,7,
rollover,7941,7,
rollover,7942,9,
rollover,7943,10,
rollover,7944,15,
rollover,7945,7,
rollover,7946,7,
rollover,7947,34,
rollover,7948,9,
rollover,7949,12,
rollover,7950,7,
rollover,7951,20,
rollover,7952,6,
rollover,7953,7,
rollover,7954,16,
rollover,7955,6,
rollover,7956,20,
rollover,7957,21,
rollover,7958,8,
rollover,7959,7,
rollover,7960,7,
rollover,7961,6,
rollover,7962,7,
rollover,7963,15,
rollover,7964,7,
rollover,7965,16,
rollover,7966,3,
rollover,7967,3,
rollover,7968,14,
rollover,7969,12,
rollover,7970,8,
rollover,7971,7,
rollover,7972,4,
rollover,7973,5,
rollover,7974,5,
rollover,7975,6,
rollover,7976,22,
rollover,7977,10,
rollover,7978,7,
rollover,7979,9,
rollover,7980,7,
rollover,7981,8,
rollover,7982,5,
rollover,7983,5,
rollover,7984,6,
rollover,7985,7,
rollover,7986,5,
rollover,7987,11,
rollover,7988,6,
rollover,7989,8,
rollover,7990,6,
rollover,7991,6,
rollover,7992,6,
rollover,7993,8,
rollover,7994,22,
rollover,7995,18,
rollover,7996,6,
rollover,7997,32,
rollover,7998,6,
rollover,7999,20,
rollover,8000,8,
rollover,8001,24,
rollover,8002,7,
rollover,8003,7,
rollover,8004,6,
rollover,8005,8,
rollover,8006,7,
rollover,8007,7,
rollover,8008,16,
rollover,8009,6,
rollover,8010,7,
rollover,8011,5,
rollover,8012,3,
rollover,8013,29,
rollover,8014,7,
rollover,8015,13,
rollover,8016,22,
rollover,8017,6,
rollover,8018,7,
rollover,8019,5,
rollover,8020,7,
rollover,8021,7,
rollover,8022,18,
rollover,8023,7,
rollover,8024,7,
rollover,8025,9,
rollover,8026,6,
rollover,8027,6,
rollover,8028,6,
rollover,8029,9,
rollover,8030,19,
rollover,8031,14,
rollover,8032,9,
rollover,8033,9,
rollover,8034,6,
rollover,8035,7,
rollover,8036,7,
rollover,8037,16,
rollover,8038,7,
rollover,8039,6,
rollover,8040,5,
rollover,8041,6,
rollover,8042,7,
rollover,8043,20,
rollover,8044,6,
rollover,8045,11,
rollover,8046,8,
rollover,8047,7,
rollover,8048,14,
rollover,8049,6,
rollover,8050,17,
rollover,8051,7,
rollover,8052,29,
rollover,8053,6,
rollover,8054,6,
rollover,8055,14,
rollover,8056,10,
rollover,8057,13,
rollover,8058,22,
rollover,8059,10,
rollover,8060,7,
rollover,8061,7,
rollover,8062,7,
rollover,8063,3,
rollover,8064,20,
rollover,8065,6,
rollover,8066,21,
rollover,8067,6,
rollover,8068,6,
rollover,8069,9,
rollover,8070,5,
rollover,8071,8,
rollover,8072,7,
rollover,8073,14,
rollover,8074,7,
rollover,8075,6,
rollover,8076,7,
rollover,8077,14,
rollover,8078,6,
rollover,8079,16,
rollover,8080,39,
rollover,8081,6,
rollover,8082,5,
rollover,8083,7,
rollover,8084,23,
rollover,8085,7,
rollover,8086,7,
rollover,8087,10,
rollover,8088,6,
rollover,8089,7,
rollover,8090,8,
rollover,8091,7,
rollover,8092,7,
rollover,8093,5,
rollover,8094,7,
rollover,8095,5,
rollover,8096,6,
rollover,8097,6,
rollover,8098,21,
rollover,8099,6,
rollover,8100,21,
rollover,8101,5,
rollover,8102,5,
rollover,8103,8,
rollover,8104,11,
rollover,8105,7,
rollover,8106,15,
rollover,8107,7,
rollover,8108,7,
rollover,8109,6,
rollover,8110,24,
rollover,8111,21,
rollover,8112,20,
rollover,8113,14,
rollover,8114,6,
rollover,8115,30,
rollover,8116,6,
rollover,8117,6,
rollover,8118,10,
rollover,8119,7,
rollover,8120,7,
rollover,8121,8,
rollover,8122,9,
rollover,8123,7,
rollover,8124,7,
rollover,8125,6,
rollover,8126,8,
rollover,8127,6,
rollover,8128,7,
rollover,8129,8,
rollover,8130,5,
rollover,8131,6,
rollover,8132,10,
rollover,8133,9,
rollover,8134,6,
rollover,8135,20,
rollover,8136,3,
rollover,8137,6,
rollover,8138,6,
rollover,8139,11,
rollover,8140,22,
rollover,8141,21,
rollover,8142,13,
rollover,8143,10,
rollover,8144,7,
rollover,8145,16,
rollover,8146,9,
rollover,8147,6,
rollover,8148,8,
rollover,8149,10,
rollover,8150,5,
rollover,8151,6,
rollover,8152,10,
rollover,8153,19,
rollover,8154,6,
rollover,8155,6,
rollover,8156,10,
rollover,8157,6,
rollover,8158,7,
rollover,8159,7,
rollover,8160,22,
rollover,8161,6,
rollover,8162,20,
rollover,8163,6,
rollover,8164,7,
rollover,8165,7,
rollover,8166,36,
rollover,8167,6,
rollover,8168,18,
rollover,8169,12,
rollover,8170,7,
rollover,8171,6,
rollover,8172,7,
rollover,8173,12,
rollover,8174,6,
rollover,8175,20,
rollover,8176,8,
rollover,8177,13,
rollover,8178,6,
rollover,8179,7,
rollover,8180,20,
rollover,8181,8,
rollover,8182,7,
rollover,8183,24,
rollover,8184,6,
rollover,8185,7,
rollover,8186,6,
rollover,8187,9,

